slug,name,rating,is_pro,in_catalog,variant_id,recipe_id
avocado-chicken-soup-lime-cilantro,Avocado Chicken Soup with Lime & Cilantro,5,False,yes,2484,281
avocado-toast-crispy-prosciutto,Avocado Toast with Crispy Prosciutto,5,False,yes,24133,2701
baked-chicken-katsu-steamed-rice-scallion-cucumber-apple-slaw,Baked Chicken Katsu with Steamed Rice & Scallion-Cucumber-Apple Slaw,5,False,yes,10789,1264
baked-honey-mustard-chicken-thighs-cauliflower-snap-peas,Baked Honey Mustard Chicken Thighs with Cauliflower & Snap Peas,5,False,yes,22462,2544
baked-ranch-crusted-chicken-brussels-sprouts-cauliflower,Baked Ranch-Crusted Chicken with Brussels Sprouts & Cauliflower,5,False,yes,22960,2582
baked-spicy-cajun-chicken-creamed-corn-green-beans,Baked Spicy Cajun Chicken with Creamed Corn & Green Beans,3,False,yes,9563,1094
barbeque-pulled-chicken-sliders-creamy-cabbage-slaw,Barbeque Pulled Chicken Sliders with Creamy Cabbage Slaw,4,False,yes,7327,842
bbq-beef-sloppy-joe-roasted-cajun-cauliflower,BBQ Beef Sloppy Joe with Roasted Cajun Cauliflower,4,False,yes,23218,2599
beef-broccoli-stir-fry-basmati-rice,Beef & Broccoli Stir Fry with Basmati Rice,5,False,yes,2021,232
beef-carrot-stew-mashed-potato-topping,Beef & Carrot Stew with Mashed Potato Topping,3,False,yes,3239,468
beef-chili-mac-cheese-bell-pepper,Beef Chili Mac & Cheese with Bell Pepper,5,False,yes,3537,489
better-than-takeout-chicken-fried-rice,Better Than Takeout Chicken Fried Rice,5,False,yes,691,103
black-bean-butternut-squash-jalapeno-enchiladas,"Black Bean, Butternut Squash & Jalapeño Enchiladas",3,False,yes,12337,1448
black-bean-mango-rice-bowl-cilantro-vinaigrette,Black Bean & Mango Rice Bowl with Cilantro Vinaigrette,5,False,yes,2954,395
buttered-scallops-bacon-brown-sugar-brussels-sprouts,Buttered Scallops with Bacon & Brown Sugar Brussels Sprouts ,5,False,yes,9257,1065
caribbean-black-bean-stew-mango-salsa-rice,Caribbean Black Bean Stew with Mango Salsa & Rice,4,False,yes,10194,1181
cheddar-crusted-chicken-mashed-sweet-potatoes-roasted-broccoli,Cheddar Crusted Chicken with Mashed Sweet Potatoes & Roasted Broccoli,5,False,yes,20893,2394
cheeseburger-quesadilla-pico-de-gallo-greek-yogurt,Cheeseburger Quesadilla with Pico de Gallo & Greek Yogurt,5,False,yes,1656,73
cheesy-cheddar-broccoli-chicken,Cheesy Cheddar Broccoli & Chicken,5,False,yes,4663,692
cheesy-chicken-taquitos-pico-de-gallo-corn-salad-yogurt-crema,Cheesy Chicken Taquitos with Pico de Gallo Corn Salad & Yogurt Crema,5,False,yes,10360,1196
cheesy-chicken-tortilla-bake,Cheesy Chicken Tortilla Bake,5,False,yes,4595,683
cheesy-lasagna-style-gnocchi-bake-spinach-fresh-basil,Cheesy Lasagna-Style Gnocchi Bake with Spinach & Fresh Basil,4,False,yes,13864,1612
chicken-bell-pepper-cashew-stir-fry-over-rice,"Chicken, Bell Pepper & Cashew Stir-Fry over Rice",5,False,yes,10170,1179
chicken-cordon-bleu-lemon-dijon-sauce-roasted-asparagus,Chicken Cordon Bleu with Lemon-Dijon Sauce & Roasted Asparagus,5,False,yes,9245,1064
chicken-satay-creamy-peanut-sauce-thai-cucumber-salad,Chicken Satay with Creamy Peanut Sauce & Thai Cucumber Salad,4,False,yes,1192,170
chicken-taco-soup-bell-pepper-cheese-tortilla-chips,"Chicken Taco Soup with Bell Pepper, Cheese & Tortilla Chips",5,False,yes,22786,2572
classic-beef-chili-avocado-crusty-bread,Classic Beef Chili with Avocado & Crusty Bread,3,False,yes,1689,147
classic-beef-stew-potatoes-carrots-celery-crusty-bread,"Classic Beef Stew with Potatoes, Carrots, Celery & Crusty Bread",5,False,yes,1159,118
classic-spaghetti-meatballs-tomato-sauce,Classic Spaghetti & Meatballs with Tomato Sauce,4,False,yes,2912,366
creamy-chicken-mushroom-soup-rice,Creamy Chicken & Mushroom Soup with Rice,4,False,yes,11668,1364
creamy-indian-style-tomato-chicken-curry-bell-peppers-rice,Creamy Indian-Style Tomato Chicken Curry with Bell Peppers & Rice,4,False,yes,24970,2802
curried-coconut-red-lentil-soup-veggies-cilantro-yogurt,"Curried Coconut-Red Lentil Soup with Veggies, Cilantro & Yogurt",5,False,yes,14433,1688
fish-tacos-mango-jalapeno-salsa-lime-crema,Fish Tacos with Mango-Jalapeño Salsa & Lime Crema,4,False,yes,3710,502
garlic-parmesan-chicken-tenders-green-beans-honey-mustard-dip,Garlic-Parmesan Chicken Tenders with Green Beans & Honey Mustard Dip,5,False,yes,23761,2674
garlicky-spaghetti-parmesan-carbonara,Garlicky Spaghetti Parmesan Carbonara,5,False,yes,4718,703
gingered-pumpkin-bisque-shrimp,Gingered Pumpkin Bisque with Shrimp,5,False,yes,4129,612
gnocchi-broccoli-cheddar-cheese-sauce,Gnocchi with Broccoli & Cheddar Cheese Sauce,5,False,yes,12295,1444
grilled-fish-tacos-spicy-avocado-grape-cilantro-salsa,"Grilled Fish Tacos with Spicy Avocado, Grape & Cilantro Salsa",4,False,yes,13660,1597
grilled-pork-chops-peach-cucumber-salad,Grilled Pork Chops with Peach-Cucumber Salad,5,False,yes,3899,560
grilled-shrimp-tacos-mango-avocado-salsa,Grilled Shrimp Tacos with Mango-Avocado Salsa,5,False,yes,2988,413
grilled-steak-tomato-corn-avocado-salad,"Grilled Steak with Tomato, Corn & Avocado Salad",5,False,yes,2990,415
grilled-steak-vegetables-chimichurri-sauce,Grilled Steak & Vegetables with Chimichurri Sauce,4,False,yes,1723,83
ham-cheese-potato-soup-honey-mustard-pear-spinach-salad,"Ham, Cheese & Potato Soup with Honey Mustard Pear-Spinach Salad",5,False,yes,22276,2525
indian-potato-cauliflower-curry-aloo-gobi-cucumber-raita-naan,Indian Potato-Cauliflower Curry (Aloo Gobi) with Cucumber Raita & Naan,5,False,yes,16310,1914
indian-spiced-potato-pockets-mint-raita-cilantro-chutney,Indian Spiced Potato Pockets with Mint Raita & Cilantro Chutney,5,False,yes,9209,1061
italian-turkey-meatball-sandwich-mozzarella-homemade-marinara,Italian Turkey Meatball Sandwich with Mozzarella & Homemade Marinara,4,False,yes,9467,1085
japanese-style-broccoli-slaw-pancake-okonomiyaki-crispy-sausage,Japanese-Style Broccoli Slaw Pancake (Okonomiyaki) with Crispy Sausage,4,False,yes,13366,1577
kidney-bean-chili-melty-cheddar-cornbread-topping,Kidney Bean Chili with Melty Cheddar & Cornbread Topping,4,False,yes,9716,1139
korean-style-beef-rice-bowl-cucumbers,Korean-Style Beef Rice Bowl with Cucumbers,4,False,yes,4384,655
maple-teriyaki-salmon-sushi-bowls-cucumber-edamame,Maple-Teriyaki Salmon Sushi Bowl with Cucumber & Edamame,5,False,yes,11974,1389
mexican-style-chicken-corn-jalapeno-cilantro-soup-feta,"Mexican-Style Chicken, Corn, Jalapeño & Cilantro Soup with Feta",5,False,yes,18845,2193
mini-glazed-meatloaves-mashed-potatoes-roasted-carrots,Mini Glazed Meatloaves with Mashed Potatoes & Roasted Carrots,5,False,yes,10693,1255
pan-fried-chicken-thighs-thai-inspired-kale-carrot-peanut-salad,"Pan-Fried Chicken Thighs with Thai-Inspired Kale, Carrot & Peanut Salad",4,False,yes,4121,611
pan-seared-steak-sauteed-brussels-sprouts,Pan-Seared Steak with Sautéed Brussels Sprouts,4,False,yes,2317,260
philly-cheesesteaks-quick-pickled-pepper-salad,Philly Cheesesteaks with Quick-Pickled Pepper Salad,4,False,yes,11221,1299
quick-cheesy-french-onion-soup,Quick & Cheesy French Onion Soup,4,False,yes,4576,675
rich-cauliflower-mac-cheese-sausage,Rich Cauliflower Mac & Cheese with Sausage ,5,False,yes,4601,686
roasted-cauliflower-black-bean-burrito-bowl-cilantro-lime-rice,Roasted Cauliflower & Black Bean Burrito Bowl with Cilantro Lime Rice,5,False,yes,7719,871
roasted-paprika-chicken-thighs-carrots-potatoes,Roasted Paprika Chicken Thighs with Carrots & Potatoes,5,False,yes,1327,120
rotisserie-chicken-noodle-soup-vegetables-cilantro-lime,"Rotisserie Chicken Noodle Soup with Vegetables, Cilantro & Lime",4,False,yes,17726,2087
saucy-grilled-ham-cheese-croque-madame-pickled-veggies,"Saucy Grilled Ham & Cheese ""Croque Madame"" with Pickled Veggies",4,False,yes,14373,1683
sheet-pan-lemony-chicken-potatoes,Sheet Pan Lemony Chicken & Potatoes,4,False,yes,4597,684
sheet-pan-sweet-potato-hash-peppers-fried-eggs-paprika-aioli,"Sheet Pan Sweet Potato Hash with Peppers, Fried Eggs & Paprika Aioli",4,False,yes,19769,2254
southwestern-black-bean-cakes-guacamole-corn,Southwestern Black Bean Cakes with Guacamole & Corn,4,False,yes,2078,190
spiced-veggie-lentil-chickpea-soup-harira-cilantro-yogurt,"Spiced Veggie, Lentil & Chickpea Soup (Harira) with Cilantro Yogurt",5,False,yes,16208,1908
spicy-bibimbap-style-cauliflower-stir-fry-beef-veggies-eggs,"Spicy Bibimbap Style Cauliflower Stir-Fry with Beef, Veggies & Eggs",5,False,yes,11512,1350
spicy-chili-garlic-chicken-broccoli-rice-bowl,Spicy Chili-Garlic Chicken & Broccoli Rice Bowl,4,False,yes,8419,950
spicy-grilled-chicken-tomato-cilantro-salsa-mexican-corn-salad,Spicy Grilled Chicken with Tomato-Cilantro Salsa & Mexican Corn Salad,4,False,yes,26620,3015
spicy-orange-tofu-broccoli-basmati-rice,Spicy Orange Tofu & Broccoli with Basmati Rice,4,False,yes,2211,182
spicy-peruvian-roast-chicken-sweet-potatoes-cilantro-feta-salsa,Spicy Peruvian Roast Chicken with Sweet Potatoes & Cilantro-Feta Salsa,5,False,yes,11704,1367
striploin-steak-roasted-carrot-beet-feta-salad,"Striploin Steak with Roasted Carrot, Beet & Feta Salad",5,False,yes,3077,450
striploin-steak-warm-potato-snap-pea-dill-salad,"Striploin Steak with Warm Potato, Snap Pea & Dill Salad",4,False,yes,17660,2083
stuffed-mexican-sweet-potatoes,Stuffed Mexican Sweet Potatoes,5,False,yes,4661,691
sun-dried-tomato-spaghetti-alfredo-spinach-mushrooms,Sun-Dried Tomato Spaghetti Alfredo with Spinach & Mushrooms,3,False,yes,22750,2569
taco-beef-potato-zucchini-bell-pepper-bake-yogurt,"Taco Beef, Potato, Zucchini & Bell Pepper Bake with Yogurt",5,False,yes,19667,2248
thai-beef-patties-minty-pineapple-cucumber-salad-peanuts,Thai Beef Patties with Minty Pineapple-Cucumber Salad & Peanuts,3,False,yes,29050,3252
tuna-noodle-casserole-peas-creamy-mushroom-sauce,Tuna Noodle Casserole with Peas & Creamy Mushroom Sauce,5,False,yes,1403,151
turkey-egg-roll-in-bowl-spicy-mayo,"Turkey ""Egg Roll in a Bowl"" with Spicy Mayo",4,False,yes,8272,907
turkey-shepherd-s-pie-mixed-vegetables-parmesan-potatoes,Turkey Shepherd's Pie with Mixed Vegetables & Parmesan Potatoes,5,False,yes,8707,981
vegetarian-shepherd-s-pie-lentils-mushrooms-carrots,"Vegetarian Shepherd's Pie with Lentils, Mushrooms & Carrots",5,False,yes,3740,505
weeknight-beef-cabbage-stir-up,Weeknight Beef & Cabbage Stir Up,2,False,yes,4722,704
beef-stroganoff-noodle-soup-mushrooms-carrot-celery-parsley,"""Beef Stroganoff"" Noodle Soup with Mushrooms, Carrot, Celery & Parsley",5,True,yes,28138,3189
cacio-e-pepe-grilled-cheese-prosciutto-creamy-asparagus-soup,"""Cacio e Pepe"" Grilled Cheese with Prosciutto & Creamy Asparagus Soup",4,False,yes,38575,4141
french-onion-orzo-skillet-spinach-thyme-toasted-sourdough,"""French Onion"" Orzo Skillet with Spinach, Thyme & Toasted Sourdough",4,False,yes,32227,3595
spinach-dip-flatbread-artichokes-sun-dried-tomatoes-basil,"""Spinach Dip"" Flatbread with Artichokes, Sun-Dried Tomatoes & Basil",5,False,yes,32746,3655
asian-tuna-fritters-spicy-mayo-pineapple-cucumber-salad,Asian Tuna Fritters with Spicy Mayo & Pineapple-Cucumber Salad,5,True,yes,37351,4058
bacon-fried-rice-egg-brussels-sprouts-carrots,"Bacon Fried Rice with Egg, Brussels Sprouts & Carrots",5,False,yes,25639,2896
baked-beef-meatballs-tomato-red-sauce-parmesan-broccoli,"Baked Beef Meatballs with Tomato ""Red Sauce,"" Parmesan & Broccoli",5,False,yes,30253,3374
beef-mushroom-stroganoff-fettuccine-pasta,Beef & Mushroom Stroganoff with Fettuccine Pasta,5,True,yes,3840,547
beef-chili-stuffed-acorn-squash-cheddar-green-onions,Beef Chili Stuffed Acorn Squash with Cheddar & Green Onions,3,False,yes,29032,3251
beef-dip-sandwich-sauteed-veggies-oven-baked-fries,Beef Dip Sandwich with Sautéed Veggies & Oven-Baked Fries,4,True,yes,9686,1136
black-bean-bell-pepper-quinoa-bowl-peach-salsa-feta,"Black Bean, Bell Pepper & Quinoa Bowl with Peach Salsa & Feta",5,True,yes,3902,563
breaded-dijon-chicken-green-bean-salad-lemon-parsley-gremolata,Breaded Dijon Chicken & Green Bean Salad with Lemon-Parsley Gremolata,5,False,yes,24277,2713
broccoli-edamame-fried-rice-sesame-egg-roll,Broccoli & Edamame Fried Rice with Sesame Egg Roll,5,True,yes,9167,1056
brussels-sprouts-mashed-potato-sausage-bowl-creamy-dijon-sauce,"Brussels Sprouts, Mashed Potato & Sausage Bowl with Creamy Dijon Sauce",4,True,yes,9884,1157
cajun-pork-chop-pineapple-sauce-spicy-cauliflower-carrot-rice,Cajun Pork Chop with Pineapple Sauce & Spicy Cauliflower-Carrot Rice,5,False,yes,32674,3651
cajun-pork-chop-spicy-pan-sauce-potatoes-bell-pepper-celery,"Cajun Pork Chop with Spicy Pan Sauce, Potatoes, Bell Pepper & Celery",3,True,yes,37633,4081
cheesy-white-bean-pizza-skillet-mushrooms-olives-basil,"Cheesy White Bean ""Pizza"" Skillet with Mushrooms, Olives & Basil",4,False,yes,32011,3581
cheesy-white-bean-kale-saute-fried-eggs-sourdough,Cheesy White Bean-Kale Sauté with Fried Eggs & Sourdough,4,True,yes,40383,4360
chicken-milanese-couscous-pickled-cucumber-radish-salad-ranch,"Chicken Milanese with Couscous, Pickled Cucumber-Radish Salad & Ranch",5,True,yes,39195,4215
chicken-noodle-soup-carrots-onions-celery-parsley,"Chicken Noodle Soup with Carrots, Onions, Celery & Parsley",5,True,yes,9521,1090
chicken-saltimbocca-buttery-potatoes-asparagus,Chicken Saltimbocca with Buttery Potatoes & Asparagus,4,True,yes,8049,887
chicken-gnocchi-vegetable-soup-lemon-basil-gremolata,"Chicken, Gnocchi & Vegetable Soup with Lemon-Basil Gremolata",5,True,yes,16661,1971
chili-lime-chicken-wings-curried-cauliflower-potato-salad,"Chili-Lime Chicken Wings with Curried Cauliflower ""Potato Salad""",2,True,yes,21103,2409
coconut-shrimp-tacos-spicy-pineapple-avocado-jalapeno-salad,"Coconut Shrimp Tacos with Spicy Pineapple, Avocado & Jalapeño Salad",5,True,yes,31663,3555
creamy-bacon-cheddar-baked-cauliflower,Creamy Bacon Cheddar Baked Cauliflower,3,True,yes,6831,775
creamy-cajun-orzo-pasta-butternut-squash-mushrooms-bell-pepper,"Creamy Cajun Orzo Pasta with Butternut Squash, Mushrooms & Bell Pepper",5,False,yes,31771,3561
creamy-corn-chowder-potatoes-bell-pepper,Creamy Corn Chowder with Potatoes & Bell Pepper,4,True,yes,10483,1236
creamy-sweet-potato-corn-chowder-bacon-bell-pepper-spinach,"Creamy Sweet Potato-Corn Chowder with Bacon, Bell Pepper & Spinach",5,True,yes,31777,3562
creamy-tuscan-chicken-mushrooms-spinach-cherry-tomatoes,"Creamy Tuscan Chicken with Mushrooms, Spinach, & Cherry Tomatoes",5,True,yes,9878,1156
creamy-tuscan-soup-potatoes-pork-kale,"Creamy Tuscan Soup with Potatoes, Pork & Kale",3,True,yes,9728,1140
creamy-white-bean-mushroom-tomato-skillet-sourdough-toast,"Creamy White Bean, Mushroom & Tomato Skillet with Sourdough Toast",5,False,yes,40557,4374
curried-cottage-cheese-fritters-mint-raita-mango-pepper-salad,Curried Cottage Cheese Fritters with Mint Raita & Mango-Pepper Salad,3,True,yes,31348,3501
fettuccine-alfredo-chicken-peas,Fettuccine Alfredo with Chicken & Peas,4,True,yes,2066,235
fettuccine-alfredo-tuna-capers-lemon-arugula-salad,"Fettuccine Alfredo with Tuna, Capers, Lemon & Arugula Salad",4,False,yes,23905,2685
fiesta-fish-taco-rice-bowl-black-beans-veggies,Fiesta Fish Taco Rice Bowl with Black Beans & Veggies,5,True,yes,1131,168
grilled-curry-flank-steak-new-potatoes-carrot-raisin-salad,Grilled Curry Flank Steak with New Potatoes & Carrot-Raisin Salad,3,True,yes,28348,3203
grilled-halibut-mango-avocado-salsa,Grilled Halibut with Mango-Avocado Salsa,3,True,yes,3865,554
grilled-peri-peri-chicken-thighs-rice-pickled-cucumbers,Grilled Peri-Peri Chicken Thighs with Rice & Pickled Cucumbers,5,False,yes,36400,3960
japanese-style-broccoli-slaw-pancake-okonomiyaki-tuna-avocado,Japanese-Style Broccoli Slaw Pancake (Okonomiyaki) with Tuna & Avocado,2,True,yes,13624,1595
korean-style-wings-mixed-veggie-blue-cheese-sesame-slaw,"Korean-Style Wings with Mixed Veggie, Blue Cheese & Sesame Slaw",5,True,yes,19121,2213
lemon-fettuccine-alfredo-chicken-broccoli,Lemon Fettuccine Alfredo with Chicken & Broccoli,5,True,yes,2925,374
lemony-chicken-piccata-blanched-asparagus,Lemony Chicken Piccata with Blanched Asparagus,5,True,yes,3788,516
lemony-gnocchi-crispy-prosciutto-snap-peas-radishes-parmesan,"Lemony Gnocchi with Crispy Prosciutto, Snap Peas, Radishes & Parmesan",5,True,yes,36268,3953
loaded-potato-soup-cauliflower-cheddar-bacon,"Loaded Potato Soup with Cauliflower, Cheddar & Bacon",5,True,yes,9077,1045
mexican-tofu-taco-bowl-tomato-corn-salsa-cheddar-lime-crema,"Mexican Tofu Taco Bowl with Tomato-Corn Salsa, Cheddar & Lime Crema",5,True,yes,26041,2932
mini-bbq-meatloaves-maple-roasted-cauliflower-acorn-squash,Mini BBQ Meatloaves with Maple-Roasted Cauliflower & Acorn Squash,4,True,yes,24457,2725
open-face-herby-egg-salad-english-muffins-lemony-roast-asparagus,Open-Face Herby Egg Salad English Muffins with Lemony Roast Asparagus,5,True,yes,30115,3364
oregano-chicken-red-pepper-pesto-pasta,Oregano Chicken with Red Pepper Pesto Pasta,5,True,yes,11626,1361
pan-fried-pork-chop-warm-paprika-potato-spinach-chive-salad,"Pan-Fried Pork Chop with Warm Paprika Potato, Spinach & Chive Salad",4,True,yes,29959,3353
pan-seared-scallops-avocado-orange-salsa-quinoa,Pan-Seared Scallops with Avocado-Orange Salsa & Quinoa,5,True,yes,3962,578
parmesan-cauliflower-rice-ground-beef-mushrooms-spinach,"Parmesan Cauliflower Rice with Ground Beef, Mushrooms & Spinach",3,False,yes,31453,3539
pork-asparagus-stir-fry-basmati-rice,Pork & Asparagus Stir Fry with Basmati Rice,5,True,yes,2943,382
prosciutto-wrapped-cod-caper-aioli-roasted-broccoli-salad,Prosciutto-Wrapped Cod with Caper Aioli & Roasted Broccoli Salad,4,True,yes,16583,1964
quinoa-bowl-roasted-sausage-apple-beets-orange-yogurt-sauce,"Quinoa Bowl with Roasted Sausage, Apple, Beets & Orange-Yogurt Sauce",5,True,yes,30898,3463
ricotta-flatbread-mushrooms-leeks-garlic-parsley-gremolata,"Ricotta Flatbread with Mushrooms, Leeks & Garlic-Parsley Gremolata",3,True,yes,32956,3668
rotini-pasta-broccoli-sauce-parmesan-raisins-bread-crumbs,"Rotini Pasta with Broccoli Sauce, Parmesan, Raisins & Bread Crumbs",5,False,yes,36184,3947
sausage-basil-ragu-over-potato-gnocchi-parmesan,Sausage-Basil Ragù over Potato Gnocchi with Parmesan,4,True,yes,11794,1376
sauteed-shrimp-over-japanese-style-carrot-cucumber-mango-salad,"Sautéed Shrimp over Japanese-Style Carrot, Cucumber & Mango Salad",3,False,yes,37795,4093
skillet-sweet-potato-pizza-prosciutto-olives-green-peppers,"Skillet Sweet Potato ""Pizza"" with Prosciutto, Olives & Green Peppers",3,True,yes,8218,902
smoky-beef-chili-black-beans-pepper-carrot-cilantro-yogurt,"Smoky Beef Chili with Black Beans, Pepper, Carrot, Cilantro & Yogurt",5,False,yes,40146,4311
spicy-asian-turkey-meatballs-veggie-fried-rice,Spicy Asian Turkey Meatballs with Veggie Fried Rice,5,True,yes,7179,824
spicy-cajun-shrimp-stew-green-onions-bell-pepper-celery-rice,"Spicy Cajun Shrimp Stew with Green Onions, Bell Pepper, Celery & Rice",2,True,yes,31024,3475
spicy-tex-mex-pasta-salad-beans-corn-peppers-tomato-cheddar,"Spicy Tex-Mex Pasta Salad with Beans, Corn, Peppers, Tomato & Cheddar",5,False,yes,32602,3648
strip-steak-spicy-asian-style-roasted-brussels-sprouts-cashews,Strip Steak with Spicy Asian-Style Roasted Brussels Sprouts & Cashews,5,False,yes,35713,3885
sweet-potato-beef-chili-avocado,Sweet Potato & Beef Chili with Avocado,4,True,yes,3001,421
sweet-potato-brussels-sprouts-hash-fried-eggs,Sweet Potato & Brussels Sprouts Hash with Fried Eggs,4,True,yes,4150,617
white-bean-frittata-broccoli-artichokes-sun-dried-tomatoes,"White Bean Frittata with Broccoli, Artichokes & Sun-Dried Tomatoes",4,False,yes,32053,3585
zucchini-feta-turkey-fritters-garlicky-yogurt-cucumber-salad,Zucchini-Feta Turkey Fritters with Garlicky Yogurt & Cucumber Salad,4,True,yes,13546,1590
