name,times_cooked
Mini Glazed Meatloaves with Mashed Potatoes & Roasted Carrots,5
Korean-Style Beef Rice Bowl with Cucumbers,4
Maple-Teriyaki Salmon Sushi Bowl with Cucumber & Edamame,4
BBQ Beef Sloppy Joe with Roasted Cajun Cauliflower,3
Indian Potato-Cauliflower Curry (Aloo Gobi) with Cucumber Raita & Naan,3
Cheddar Crusted Chicken with Mashed Sweet Potatoes & Roasted Broccoli,3
"Taco Beef, Potato, Zucchini & Bell Pepper Bake with Yogurt",3
Creamy Indian-Style Tomato Chicken Curry with Bell Peppers & Rice,3
Strip Steak with Spicy Asian-Style Roasted Brussels Sprouts & Cashews,3
Garlic-Parmesan Chicken Tenders with Green Beans & Honey Mustard Dip,2
Black Bean & Mango Rice Bowl with Cilantro Vinaigrette,2
Grilled Shrimp Tacos with Mango-Avocado Salsa,2
Sheet Pan Lemony Chicken & Potatoes,2
Pan-Seared Steak with Sautéed Brussels Sprouts,2
Turkey Shepherd's Pie with Mixed Vegetables & Parmesan Potatoes,2
"Scallop Fettuccine Alfredo with Lemon, Parsley & Sautéed Asparagus",2
Lemony Chicken Piccata with Blanched Asparagus,2
"Southwest Salmon Chowder with Potato, Corn, Bell Pepper & Avocado",2
Beef & Mushroom Stroganoff with Fettuccine Pasta,2
Gnocchi with Broccoli & Cheddar Cheese Sauce,2
Cheeseburger Quesadilla with Pico de Gallo & Greek Yogurt,2
Broccoli & Edamame Fried Rice with Sesame Egg Roll,2
"Striploin Steak with Warm Potato, Snap Pea & Dill Salad",2
"Rotini Pasta with Broccoli Sauce, Parmesan, Raisins & Bread Crumbs",2
"Chicken Taco Soup with Bell Pepper, Cheese & Tortilla Chips",2
"Creamy Tuscan Soup with Potatoes, Pork & Kale",2
"Chicken Milanese with Couscous, Pickled Cucumber-Radish Salad & Ranch",2
"Sirloin Steak with Basil Compound Butter, Roasted Potatoes & Snap Peas",2
Kidney Bean Chili with Melty Cheddar & Cornbread Topping,2
Roasted Cauliflower & Black Bean Burrito Bowl with Cilantro Lime Rice,2
Garlicky Spaghetti Parmesan Carbonara,2
"Ham, Cheese & Potato Soup with Honey Mustard Pear-Spinach Salad",2
"Coconut Shrimp Tacos with Spicy Pineapple, Avocado & Jalapeño Salad",2
"Brussels Sprouts, Mashed Potato & Sausage Bowl with Creamy Dijon Sauce",2
Spicy Grilled Chicken with Tomato-Cilantro Salsa & Mexican Corn Salad,2
Baked Ranch-Crusted Chicken with Brussels Sprouts & Cauliflower,2
"Lemony Gnocchi with Crispy Prosciutto, Snap Peas, Radishes & Parmesan",2
"Fettuccine Alfredo with Tuna, Capers, Lemon & Arugula Salad",2
Pork & Asparagus Stir Fry with Basmati Rice,1
Sun-Dried Tomato Spaghetti Alfredo with Spinach & Mushrooms,1
Grilled Pork Chops with Peach-Cucumber Salad,1
Chicken Saltimbocca with Buttery Potatoes & Asparagus,1
Cheesy Chicken Tortilla Bake,1
"Spicy Bibimbap Style Cauliflower Stir-Fry with Beef, Veggies & Eggs",1
Better Than Takeout Chicken Fried Rice,1
Blackened Tilapia with Pineapple-Avocado Salsa Salad,1
Grilled Halibut with Mango-Avocado Salsa,1
Avocado Toast with Crispy Prosciutto,1
"Sautéed Shrimp over Japanese-Style Carrot, Cucumber & Mango Salad",1
Fiesta Fish Taco Rice Bowl with Black Beans & Veggies,1
Spicy Asian Turkey Meatballs with Veggie Fried Rice,1
Southwestern Black Bean Cakes with Guacamole & Corn,1
"""Spinach Dip"" Flatbread with Artichokes, Sun-Dried Tomatoes & Basil",1
Japanese-Style Broccoli Slaw Pancake (Okonomiyaki) with Crispy Sausage,1
"Creamy White Bean, Mushroom & Tomato Skillet with Sourdough Toast",1
Philly Cheesesteaks with Quick-Pickled Pepper Salad,1
Barbeque Pulled Chicken Sliders with Creamy Cabbage Slaw,1
"Korean-Style Wings with Mixed Veggie, Blue Cheese & Sesame Slaw",1
"""French Onion"" Orzo Skillet with Spinach, Thyme & Toasted Sourdough",1
Sweet Potato & Beef Chili with Avocado,1
Cheesy Chicken Taquitos with Pico de Gallo Corn Salad & Yogurt Crema,1
Lemon Fettuccine Alfredo with Chicken & Broccoli,1
Thai Scallop & Veggie Sauté with Spicy Peanut Sauce,1
Cheesy Cheddar Broccoli & Chicken,1
Classic Beef Chili with Avocado & Crusty Bread,1
Classic Spaghetti & Meatballs with Tomato Sauce,1
"Tuscan Onion Soup (Carabaccia) with Sourdough Toast, Fried Egg & Salad",1
"Quinoa Bowl with Roasted Carrots, Garlic-Lime Chickpeas & Cumin Yogurt",1
"""Beef Stroganoff"" Noodle Soup with Mushrooms, Carrot, Celery & Parsley",1
"Creamy Chicken Enchiladas with Bell Pepper, Cilantro & Ranch Slaw",1
Buttered Scallops with Bacon & Brown Sugar Brussels Sprouts ,1
Fettuccine Alfredo with Chicken & Peas,1
"Spicy Cajun Shrimp Stew with Green Onions, Bell Pepper, Celery & Rice",1
Pan-Fried Pork Chop with Green Onion Butter & Cheesy Roasted Asparagus,1
"Thai Glazed Tempeh Crumbles with Pickled Veggies, Avocado & Rice",1
"Vegetarian Shepherd's Pie with Lentils, Mushrooms & Carrots",1
Caribbean Black Bean Stew with Mango Salsa & Rice,1
"Spiced Veggie, Lentil & Chickpea Soup (Harira) with Cilantro Yogurt",1
Spicy Chili-Garlic Chicken & Broccoli Rice Bowl,1
Chicken Satay with Creamy Peanut Sauce & Thai Cucumber Salad,1
"Smoky Beef Chili with Black Beans, Pepper, Carrot, Cilantro & Yogurt",1
Curried Cottage Cheese Fritters with Mint Raita & Mango-Pepper Salad,1
"Cheesy White Bean ""Pizza"" Skillet with Mushrooms, Olives & Basil",1
Cheesy White Bean-Kale Sauté with Fried Eggs & Sourdough,1
"Mexican Tofu Taco Bowl with Tomato-Corn Salsa, Cheddar & Lime Crema",1
"Chicken, Bell Pepper & Cashew Stir-Fry over Rice",1
Sweet Potato & Brussels Sprouts Hash with Fried Eggs,1
Stuffed Mexican Sweet Potatoes,1
"Creamy Cajun Orzo Pasta with Butternut Squash, Mushrooms & Bell Pepper",1
Cheesy Buffalo Chicken Tostadas with Cucumber Salsa & Ranch Dressing,1
Baked Chicken Katsu with Steamed Rice & Scallion-Cucumber-Apple Slaw,1
Creamy Corn Chowder with Potatoes & Bell Pepper,1
Italian Turkey Meatball Sandwich with Mozzarella & Homemade Marinara,1
"Grilled Steak with Tomato, Corn & Avocado Salad",1
"Cheesy Baked Penne with Tomato, Spinach & Roasted Red Peppers",1
"Chicken Noodle Soup with Carrots, Onions, Celery & Parsley",1
"Peanut-Coconut Chicken Curry with Zucchini, Tomato & Cauliflower Rice",1
Sausage-Basil Ragù over Potato Gnocchi with Parmesan,1
Creamy Chicken & Mushroom Soup with Rice,1
Weeknight Beef & Cabbage Stir Up,1
"Ricotta Flatbread with Mushrooms, Leeks & Garlic-Parsley Gremolata",1
Rich Cauliflower Mac & Cheese with Sausage ,1
Beef & Broccoli Stir Fry with Basmati Rice,1
Roasted Paprika Chicken Thighs with Carrots & Potatoes,1
"Saucy Grilled Ham & Cheese ""Croque Madame"" with Pickled Veggies",1
Tuna Noodle Casserole with Peas & Creamy Mushroom Sauce,1
Beef Chili Mac & Cheese with Bell Pepper,1
Mini BBQ Meatloaves with Maple-Roasted Cauliflower & Acorn Squash,1
"Veggie Burrito Bowl with Salsa, Guacamole & Cheddar",1
"Spicy Tex-Mex Pasta Salad with Beans, Corn, Peppers, Tomato & Cheddar",1
Spicy Orange Tofu & Broccoli with Basmati Rice,1
Shrimp & Asparagus Fried Rice,1
"Creamy Tuscan Chicken with Mushrooms, Spinach, & Cherry Tomatoes",1
"Bacon Fried Rice with Egg, Brussels Sprouts & Carrots",1
"Cajun Pork Chop with Spicy Pan Sauce, Potatoes, Bell Pepper & Celery",1
Fish Tacos with Mango-Jalapeño Salsa & Lime Crema,1
"Classic Beef Stew with Potatoes, Carrots, Celery & Crusty Bread",1
Avocado Chicken Soup with Lime & Cilantro,1
"Turkey ""Egg Roll in a Bowl"" with Spicy Mayo",1
"Sweet Potato Fritters with Smoky Tahini Sauce, Broccoli & Cauliflower",1
"Grilled Chicken, Peach & Cucumber Salad with Creamy Mint Herb Dressing",1
Cheesy Lasagna-Style Gnocchi Bake with Spinach & Fresh Basil,1
"Chili-Lime Chicken Wings with Curried Cauliflower ""Potato Salad""",1
"Striploin Steak with Roasted Carrot, Beet & Feta Salad",1
Beef Dip Sandwich with Sautéed Veggies & Oven-Baked Fries,1
"Loaded Potato Soup with Cauliflower, Cheddar & Bacon",1
Japanese-Style Broccoli Slaw Pancake (Okonomiyaki) with Tuna & Avocado,1
Chicken Cordon Bleu with Lemon-Dijon Sauce & Roasted Asparagus,1
Quick & Cheesy French Onion Soup,1
"""Cacio e Pepe"" Grilled Cheese with Prosciutto & Creamy Asparagus Soup",1
Gingered Pumpkin Bisque with Shrimp,1
"Black Bean, Butternut Squash & Jalapeño Enchiladas",1
Beef & Carrot Stew with Mashed Potato Topping,1
Oregano Chicken with Red Pepper Pesto Pasta,1
"Curried Coconut-Red Lentil Soup with Veggies, Cilantro & Yogurt",1
Asian Tuna Fritters with Spicy Mayo & Pineapple-Cucumber Salad,1
"Parmesan Cauliflower Rice with Ground Beef, Mushrooms & Spinach",1
Creamy Bacon Cheddar Baked Cauliflower,1
Baked Spicy Cajun Chicken with Creamed Corn & Green Beans,1
"Baked Beef Meatballs with Tomato ""Red Sauce,"" Parmesan & Broccoli",1
Pan-Seared Scallops with Avocado-Orange Salsa & Quinoa,1
Zucchini-Feta Turkey Fritters with Garlicky Yogurt & Cucumber Salad,1
"Spicy Peanut Shrimp Stir-Fry with Broccoli, Carrot & Rice",1
"Pork, Portobello Mushroom & Zucchini Noodle Soup with Sesame Seeds",1
Indian Spiced Potato Pockets with Mint Raita & Cilantro Chutney,1
Spicy Peruvian Roast Chicken with Sweet Potatoes & Cilantro-Feta Salsa,1
"Sheet Pan Sweet Potato Hash with Peppers, Fried Eggs & Paprika Aioli",1
"Mexican-Style Chicken, Corn, Jalapeño & Cilantro Soup with Feta",1
Grilled Peri-Peri Chicken Thighs with Rice & Pickled Cucumbers,1
Ground Beef & Mixed Veggie Skillet with Mashed Potato Topping,1
"Pan-Fried Chicken Thighs with Thai-Inspired Kale, Carrot & Peanut Salad",1
Prosciutto-Wrapped Cod with Caper Aioli & Roasted Broccoli Salad,1
"Skillet Sweet Potato ""Pizza"" with Prosciutto, Olives & Green Peppers",1
"Black Bean, Bell Pepper & Quinoa Bowl with Peach Salsa & Feta",1
"White Bean Frittata with Broccoli, Artichokes & Sun-Dried Tomatoes",1
"Quinoa Bowl with Roasted Sausage, Apple, Beets & Orange-Yogurt Sauce",1
Grilled Curry Flank Steak with New Potatoes & Carrot-Raisin Salad,1
"Chicken, Gnocchi & Vegetable Soup with Lemon-Basil Gremolata",1
Grilled Steak & Vegetables with Chimichurri Sauce,1
"Grilled Fish Tacos with Spicy Avocado, Grape & Cilantro Salsa",1
Baked Honey Mustard Chicken Thighs with Cauliflower & Snap Peas,1
"Pan-Fried Pork Chop with Warm Paprika Potato, Spinach & Chive Salad",1
"Creamy Sweet Potato-Corn Chowder with Bacon, Bell Pepper & Spinach",1
Breaded Dijon Chicken & Green Bean Salad with Lemon-Parsley Gremolata,1
Beef Chili Stuffed Acorn Squash with Cheddar & Green Onions,1
Thai Beef Patties with Minty Pineapple-Cucumber Salad & Peanuts,1
Cajun Pork Chop with Pineapple Sauce & Spicy Cauliflower-Carrot Rice,1
"Rotisserie Chicken Noodle Soup with Vegetables, Cilantro & Lime",1
Open-Face Herby Egg Salad English Muffins with Lemony Roast Asparagus,1
"Baked Cajun-Spiced Cod with Bacon, Bell Pepper, Asparagus & Rice",1
