"raw_text","name","quantity","unit"
"1 small bunch asparagus","asparagus",1,"bunch"
"½ pint grape tomatoes","grape tomato",0.5,"pint"
"½ small bunch Italian (flat-leaf) parsley","italian parsley",0.5,"bunch"
"½ lemon","lemon",0.5,"each"
"1 oz Parmesan cheese","parmesan cheese",1,"oz"
"¾ lb sole fillets","sole fillet",0.75,"lb"
"almond meal/flour","almond meal/flour",NA,"unknown"
"balsamic vinegar","balsamic vinegar",NA,"unknown"
"black pepper","black pepper",NA,"unknown"
"butter, unsalted","unsalted butter",NA,"unknown"
"salt","salt",NA,"unknown"
"⅛ cup almonds","almond",0.125,"cup"
"1 crown broccoli","broccoli",1,"head"
"½ small pkg fresh basil","fresh basil",0.5,"package"
"½ (8 oz) pkg fresh mozzarella cheese","fresh mozzarella cheese",0.5,"package"
"1 clove garlic","garlic",1,"clove"
"1 pint grape tomatoes","grape tomato",1,"pint"
"1 lemon","lemon",1,"each"
"¼ cup nutritional yeast flakes","nutritional yeast flakes",0.25,"cup"
"5 oz penne pasta","penne pasta",5,"oz"
"½ (5 oz) pkg spring mix (mixed greens)","spring mix",0.5,"package"
"extra virgin olive oil","extra virgin olive oil",NA,"unknown"
"1 (6 oz) jar artichoke hearts, marinated","marinated artichoke hearts",1,"jar"
"½ (5 oz) pkg baby arugula","baby arugula",0.5,"package"
"¼ cup Kalamata olives, pitted","kalamata olive",0.25,"cup"
"⅓ (8 oz) block mozzarella cheese","mozzarella cheese",0.3333333333,"block"
"2 slices prosciutto","prosciutto",2,"slice"
"1 red bell pepper","red bell pepper",1,"each"
"5 oz rotini pasta","rotini pasta",5,"oz"
"1 shallot","shallot",1,"each"
"Dijon mustard","dijon mustard",NA,"unknown"
"Italian seasoning","italian seasoning",NA,"unknown"
"onion powder","onion powder",NA,"unknown"
"red wine vinegar","red wine vinegar",NA,"unknown"
"1 stick celery","celery",1,"stalk"
"1 (15 oz) can garbanzo beans (chickpeas)","garbanzo beans",1,"can"
"⅓ cup Kalamata olives, pitted","kalamata olive",0.3333333333,"cup"
"4 slices prosciutto","prosciutto",4,"slice"
"½ shallot","shallot",0.5,"each"
"1 (5 oz) pkg spring mix (mixed greens)","spring mix",1,"package"
"2 sun-dried tomatoes, oil-packed","sun-dried tomato",2,"each"
"½ yellow bell pepper","yellow bell pepper",0.5,"each"
"crushed red pepper","crushed red pepper",NA,"unknown"
"honey","honey",NA,"unknown"
"oregano, dried","dried oregano",NA,"unknown"
"white wine vinegar","white wine vinegar",NA,"unknown"
"3 slices bacon","bacon",3,"slice"
"¼ (8 oz) block cheddar cheese","cheddar cheese",0.25,"block"
"6 eggs","egg",6,"each"
"1 Gala apple","gala apple",1,"each"
"½ (8 oz) block cheddar cheese","cheddar cheese",0.5,"block"
"⅛ cup pecan halves","pecan halves",0.125,"cup"
"4 slices whole grain bread","whole grain bread",4,"slice"
"apple cider vinegar","apple cider vinegar",NA,"unknown"
"8 fl oz chicken or vegetable broth","chicken or vegetable broth",8,"fl oz"
"1 (14.5 oz) can diced tomatoes","diced tomatoes",1,"can"
"2 cloves garlic","garlic",2,"clove"
"½ medium yellow onion","yellow onion",0.5,"each"
"⅛ cup almonds, sliced","almond",0.125,"cup"
"½ (5 oz) pkg baby spinach","baby spinach",0.5,"package"
"¾ lb chicken breasts, boneless skinless","boneless skinless chicken breast",0.75,"lb"
"8 dried apricots","dried apricot",8,"each"
"½ small bunch green onions (scallions)","green onion",0.5,"bunch"
"¼ cup plain Greek yogurt","plain greek yogurt",0.25,"cup"
"2 slices whole grain bread","whole grain bread",2,"slice"
"½ (6 oz) jar artichoke hearts, marinated","marinated artichoke heart",0.5,"jar"
"½ small bunch asparagus","asparagus",0.5,"bunch"
"½ (8 oz) block cream cheese","cream cheese",0.5,"block"
"¼ (8 oz) block mozzarella cheese","mozzarella cheese",0.25,"block"
"½ cup whole wheat couscous","whole wheat couscous",0.5,"cup"
"1 small butternut squash","butternut squash",1,"unknown"
"⅛ cup dried cranberries","dried cranberry",0.125,"cup"
"½ (4 oz) log goat cheese","goat cheese",0.5,"unknown"
"½ cup quinoa","quinoa",0.5,"cup"
"½ medium red onion","red onion",0.5,"unknown"
"1 avocado","avocado",1,"each"
"½ English cucumber","english cucumber",0.5,"each"
"½ oz Parmesan cheese","parmesan cheese",0.5,"oz"
"cayenne pepper","cayenne pepper",NA,"unknown"
"cumin, ground","ground cumin",NA,"unknown"
"½ small pkg chives","chive",0.5,"package"
"1 lb cremini mushrooms","cremini mushroom",1,"lb"
"¼ cup pine nuts","pine nut",0.25,"cup"
"1 (5 oz) pkg baby arugula","baby arugula",1,"package"
"⅛ cup pine nuts","pine nut",0.125,"cup"
"2 pork sausages","pork sausage",2,"each"
"4 sun-dried tomatoes, oil-packed","sun-dried tomato",4,"each"
"garlic powder","garlic powder",NA,"unknown"
"1 (8 oz) package tempeh","tempeh",1,"package"
"mayonnaise","mayonnaise",NA,"unknown"
"pure maple syrup","pure maple syrup",NA,"unknown"
"soy sauce","soy sauce",NA,"unknown"
"½ cup basmati rice","basmati rice",0.5,"cup"
"1 lb Brussels sprouts","brussels sprout",1,"lb"
"1 (1 inch) piece ginger root","ginger root",1,"piece"
"⅛ cup peanuts, roasted unsalted","roasted unsalted peanuts",0.125,"cup"
"rice vinegar","rice vinegar",NA,"unknown"
"toasted sesame oil","toasted sesame oil",NA,"unknown"
"virgin coconut oil","virgin coconut oil",NA,"unknown"
"½ avocado","avocado",0.5,"each"
"2 medium carrots","carrot",2,"each"
"1 lb chicken thighs, boneless skinless","boneless skinless chicken thigh",1,"lb"
"chili-garlic sauce","chili-garlic sauce",NA,"unknown"
"sesame seeds","sesame seed",NA,"unknown"
"1 eggplant","eggplant",1,"each"
"½ cup jasmine rice","jasmine rice",0.5,"cup"
"2 caps portobello mushrooms","portobello mushroom",2,"unknown"
"cornstarch","cornstarch",NA,"unknown"
"natural peanut butter","natural peanut butter",NA,"unknown"
"½ small bunch cilantro","cilantro",0.5,"bunch"
"½ small pkg fresh mint","fresh mint",0.5,"package"
"¼ cup peanuts, roasted unsalted","roasted unsalted peanuts",0.25,"cup"
"fish sauce","fish sauce",NA,"unknown"
"½ lb green beans","green bean",0.5,"lb"
"1 small bunch green onions (scallions)","green onion",1,"bunch"
"¾ lb lean ground beef","lean ground beef",0.75,"lb"
"½ (12 oz) pkg broccoli slaw","broccoli slaw",0.5,"package"
"½ lime","lime",0.5,"each"
"6 oz spaghetti pasta","spaghetti pasta",6,"oz"
"16 fl oz chicken or vegetable broth","chicken or vegetable broth",16,"fl oz"
"½ lb cremini mushrooms","cremini mushroom",0.5,"lb"
"¾ lb lean ground pork","lean ground pork",0.75,"lb"
"½ bunch Swiss chard","swiss chard",0.5,"bunch"
"flat rice (pad thai) noodles","flat rice noodles",NA,"unknown"
"neutral vegetable oil","neutral vegetable oil",NA,"unknown"
"1 (5 oz) pkg baby spinach","baby spinach",1,"package"
"3 pork sausages","pork sausage",3,"each"
"5 oz spaghetti pasta","spaghetti pasta",5,"oz"
"4 baby bok choy","baby bok choy",4,"each"
"½ small pineapple","small pineapple",0.5,"piece"
"2 pork chops, boneless","boneless pork chop",2,"piece"
"⅛ cup shredded unsweetened coconut","unsweetened shredded coconut",0.125,"cup"
"brown sugar","brown sugar",NA,"unknown"
"1 medium carrot","carrot",1,"each"
"½ jalapeño pepper","jalapeño pepper",0.5,"each"
"1 lime","lime",1,"each"
"½ small head red cabbage","red cabbage",0.5,"head"
"1 (12 oz) pkg extra firm tofu","extra firm tofu",1,"package"
"½ (8 oz) pkg sugar snap peas","sugar snap peas",0.5,"package"
"¾ lb salmon fillet","salmon fillet",0.75,"lb"
"1 (8 oz) pkg sugar snap peas","sugar snap peas",1,"package"
"2 medium zucchini squash","zucchini",2,"each"
"1 mango","mango",1,"each"
"¾ lb ribeye steak","ribeye steak",0.75,"lb"
"½ head romaine lettuce","romaine lettuce",0.5,"head"
"½ medium head napa cabbage","napa cabbage",0.5,"head"
"¾ lb striploin (New York strip) steak","striploin steak",0.75,"lb"
"32 fl oz chicken or vegetable broth","chicken or vegetable broth",32,"fl oz"
"1 medium yellow potato","yellow potato",1,"each"
"coriander, ground","ground coriander",NA,"unknown"
"¾ lb sweet potato","sweet potato",0.75,"lb"
"½ head butter (Boston) lettuce","butter lettuce",0.5,"head"
"½ cup peanuts, roasted unsalted","unsalted roasted peanuts",0.5,"cup"
"4 slices bacon","bacon",4,"slice"
"4 eggs","egg",4,"each"
"½ cup walnuts","walnut",0.5,"cup"
"½ (4 oz) pkg crumbled blue cheese","crumbled blue cheese",0.5,"package"
"½ cup pecan halves","pecan",0.5,"cup"
"12 fl oz chicken or vegetable broth","chicken or vegetable broth",12,"fl oz"
"4 cloves garlic","garlic",4,"clove"
"2 shallots","shallot",2,"each"
"¼ cup almonds","almond",0.25,"cup"
"½ (16 oz) pkg strawberries","strawberry",0.5,"package"
"½ (4 oz) pkg crumbled feta cheese","crumbled feta cheese",0.5,"package"
"1 tomato","tomato",1,"each"
"dill, dried","dried dill",NA,"unknown"
"24 fl oz chicken or vegetable broth","chicken or vegetable broth",24,"fl oz"
"1 jalapeño pepper","jalapeño pepper",1,"each"
"2 tomatoes","tomato",2,"each"
"1 cup frozen corn","frozen corn",1,"cup"
"¾ lb raw peeled shrimp, fresh or frozen","raw peeled shrimp",0.75,"lb"
"chili powder","chili powder",NA,"unknown"
"1 (6 oz) pkg blackberries","blackberry",1,"package"
"1 peach","peach",1,"each"
"2 whole grain pitas","whole grain pita",2,"each"
"2 slices bacon","bacon",2,"slice"
"2 flatbreads or naan","flatbread or naan",2,"piece"
"½ (15 oz) pkg ricotta cheese","ricotta cheese",0.5,"package"
"thyme, dried","dried thyme",NA,"unknown"
"½ lb Brussels sprouts","brussels sprout",0.5,"lb"
"¾ lb halibut fillet","halibut fillet",0.75,"lb"
"½ lb new potatoes","new potato",0.5,"lb"
"1 (15 oz) can black beans","black beans",1,"can"
"4 fl oz chicken or vegetable broth","chicken or vegetable broth",4,"fl oz"
"4 small flour tortillas","small flour tortilla",4,"piece"
"1 ½ tbsp tomato paste","tomato paste",1.5,"tbsp"
"¼ (8 oz) block cream cheese","cream cheese",0.25,"block"
"1 cap portobello mushroom","portobello mushroom",1,"unknown"
"rosemary, dried","dried rosemary",NA,"sprig"
"1 egg","egg",1,"each"
"1 English cucumber","english cucumber",1,"each"
"1 Granny Smith apple","granny smith apple",1,"each"
"all-purpose flour","all-purpose flour",NA,"unknown"
"ketchup","ketchup",NA,"unknown"
"panko bread crumbs","panko bread crumb",NA,"unknown"
"Worcestershire sauce","worcestershire sauce",NA,"unknown"
"1 tbsp capers","caper",1,"tbsp"
"¾ lb cod fillet","cod fillet",0.75,"lb"
"1 orange bell pepper","orange bell pepper",1,"each"
"1 ½ oz Parmesan cheese","parmesan cheese",1.5,"oz"
"1 (4 oz) pkg crumbled feta cheese","crumbled feta cheese",1,"package"
"2 whole grain buns or rolls","whole grain bun or roll",2,"each"
"1 medium zucchini squash","zucchini",1,"each"
"½ small bunch fresh dill","dill",0.5,"bunch"
"3 medium red potatoes","red potato",3,"piece"
"1 (15 oz) can cannellini (white kidney) beans","cannellini beans",1,"can"
"1 bunch kale","kale",1,"bunch"
"1 medium spaghetti squash","spaghetti squash",1,"each"
"¾ lb chicken drumsticks","chicken drumstick",0.75,"lb"
"1 ½ cups frozen corn","frozen corn",1.5,"cup"
"2 fl oz heavy whipping cream","heavy whipping cream",2,"fl oz"
"paprika","paprika",NA,"unknown"
"1 cup edamame, shelled","edamame",1,"cup"
"cinnamon, ground","ground cinnamon",NA,"unknown"
"turmeric, ground","ground turmeric",NA,"unknown"
"6 medium carrots","carrot",6,"each"
"1 ¼ lb chicken drumsticks","chicken drumstick",1.25,"lb"
"2 large flour tortillas","flour tortilla",2,"piece"
"½ bunch radish","radish",0.5,"bunch"
"3 tomatoes","tomato",3,"each"
"¼ (8 oz) pkg fresh mozzarella cheese","fresh mozzarella cheese",0.25,"package"
"1 head romaine lettuce","romaine lettuce",1,"head"
"basil, dried","dried basil",NA,"unknown"
"2 peaches","peach",2,"each"
"1 medium yellow onion","yellow onion",1,"each"
"⅛ cup nutritional yeast flakes","nutritional yeast flakes",0.125,"cup"
"1 pear","pear",1,"each"
"3 cloves garlic","garlic",3,"clove"
"½ bunch kale","kale",0.5,"bunch"
"¾ lb new potatoes","new potato",0.75,"lb"
"2 fl oz whole milk","whole milk",2,"fl oz"
"2 medium red potatoes","red potato",2,"unknown"
"sage, dried","dried sage",NA,"unknown"
"1 medium head cauliflower","cauliflower",1,"head"
"4 pork sausages","pork sausage",4,"each"
"6 fl oz chicken or vegetable broth","chicken or vegetable broth",6,"fl oz"
"¼ small head red cabbage","red cabbage",0.25,"head"
"4 whole grain buns or rolls","whole grain bun or roll",4,"each"
"20 fl oz chicken or vegetable broth","chicken or vegetable broth",20,"fl oz"
"½ cup polenta (cornmeal)","polenta",0.5,"cup"
"½ (15 oz) can black beans","black beans",0.5,"can"
"vegan mayonnaise","vegan mayonnaise",NA,"unknown"
"⅛ cup plain Greek yogurt","plain greek yogurt",0.125,"cup"
"½ (8 oz) block mozzarella cheese","mozzarella cheese",0.5,"block"
"½ (8 oz) can tomato sauce","tomato sauce",0.5,"can"
"1 yellow bell pepper","yellow bell pepper",1,"each"
"½ medium head cauliflower","cauliflower",0.5,"head"
"14 fl oz chicken or vegetable broth","chicken or vegetable broth",14,"fl oz"
"¼ cup frozen corn","frozen corn",0.25,"cup"
"¼ cup polenta (cornmeal)","polenta",0.25,"cup"
"¾ lb ground turkey","ground turkey",0.75,"lb"
"1 (8 oz) can tomato sauce","tomato sauce",1,"can"
"½ (15 oz) can cannellini (white kidney) beans","cannellini beans",0.5,"can"
"½ (14.5 oz) can diced tomatoes","diced tomatoes",0.5,"can"
"½ (15 oz) can kidney beans","kidney beans",0.5,"can"
"4 oz macaroni (elbow) pasta","elbow macaroni pasta",4,"oz"
"½ medium zucchini squash","zucchini",0.5,"each"
"2 crowns broccoli","broccoli crown",2,"piece"
"1 ½ tbsp capers","caper",1.5,"tbsp"
"parsley flakes","parsley flake",NA,"unknown"
"4 medium carrots","carrot",4,"each"
"½ small pkg fresh thyme","fresh thyme",0.5,"package"
"1 tbsp tomato paste","tomato paste",1,"tbsp"
"2 medium yellow potatoes","yellow potato",2,"each"
"⅓ (8 oz) block cheddar cheese","cheddar cheese",0.333333333333333,"block"
"2 eggs","egg",2,"each"
"1 green bell pepper","green bell pepper",1,"each"
"5 oz macaroni (elbow) pasta","elbow macaroni pasta",5,"oz"
"3 baby bok choy","baby bok choy",3,"each"
"¾ lb cremini mushrooms","cremini mushroom",0.75,"lb"
"1 flatbread or naan","flatbread or naan",1,"piece"
"¼ (15 oz) pkg ricotta cheese","ricotta cheese",0.25,"package"
"2 small corn tortillas","corn tortilla",2,"piece"
"4 tomatoes","tomato",4,"each"
"½ crown broccoli","broccoli",0.5,"head"
"6 fl oz whole milk","whole milk",6,"fl oz"
"2 medium beets","beet",2,"each"
"2 oranges","orange",2,"each"
"¼ cup walnuts","walnut",0.25,"cup"
"1 small bunch cilantro","cilantro",1,"bunch"
"1 (4 oz) log goat cheese","goat cheese",1,"piece"
"1 orange","orange",1,"each"
"1 anchovy fillet, packed in oil","anchovy fillet",1,"piece"
"4 dried apricots","dried apricot",4,"piece"
"2 red bell peppers","red bell pepper",2,"piece"
"smoked paprika","smoked paprika",NA,"unknown"
"½ red bell pepper","red bell pepper",0.5,"piece"
"1 lb sweet potato","sweet potato",1,"lb"
"1 cup frozen peas","frozen pea",1,"cup"
"¼ cup cashews, roasted unsalted","roasted unsalted cashew",0.25,"cup"
"10 fl oz chicken or vegetable broth","chicken or vegetable broth",10,"fl oz"
"½ small butternut squash","butternut squash",0.5,"unknown"
"¼ lb cremini mushrooms","cremini mushroom",0.25,"lb"
"4 whole grain pitas","whole grain pita",4,"each"
"½ (13.5 fl oz) can coconut milk","coconut milk",0.5,"can"
"½ cup frozen corn","frozen corn",0.5,"cup"
"2 jalapeño peppers","jalapeño pepper",2,"each"
"2 green bell peppers","green bell pepper",2,"piece"
"8 small corn tortillas","small corn tortilla",8,"each"
"½ cup plain Greek yogurt","plain greek yogurt",0.5,"cup"
"½ (6 oz) pkg blackberries","blackberry",0.5,"package"
"1 (15 oz) can pinto beans","pinto beans",1,"can"
"¾ lb tilapia fillet","tilapia fillet",0.75,"lb"
"1 head butter (Boston) lettuce","butter lettuce",1,"head"
"⅓ cup plain Greek yogurt","plain greek yogurt",0.3333333333,"cup"
"¾ cup frozen cherries","frozen cherry",0.75,"cup"
"1 (13.5 fl oz) can coconut milk","coconut milk",1,"can"
"½ lb cod fillet","cod fillet",0.5,"lb"
"½ lb raw peeled shrimp, fresh or frozen","raw peeled shrimp",0.5,"lb"
"2 (6 oz) cans chunk light tuna in water","chunk light tuna",2,"can"
"2 slices sourdough bread","sourdough bread",2,"slice"
"½ lb halibut fillet","halibut fillet",0.5,"lb"
"½ lb white mushrooms","white mushroom",0.5,"lb"
"¼ cup raisins","raisin",0.25,"cup"
"curry powder","curry powder",NA,"unknown"
"3 medium yellow potatoes","yellow potato",3,"unknown"
"1 pork sausage","pork sausage",1,"unknown"
"¼ lb white mushrooms","white mushroom",0.25,"lb"
"¼ cup almonds, sliced","almond",0.25,"cup"
"2 pork chops, bone-in","bone-in pork chop",2,"piece"
"tahini","tahini",NA,"unknown"
"2 sticks celery","celery",2,"piece"
"6 oz macaroni (elbow) pasta","elbow macaroni pasta",6,"oz"
"½ (15 oz) can pure pumpkin purée","pure pumpkin puree",0.5,"can"
"5 fl oz whole milk","whole milk",5,"fl oz"
"1 (16 oz) pkg potato gnocchi","potato gnocchi",1,"package"
"1 acorn squash","acorn squash",1,"each"
"⅛ cup pumpkin seeds","pumpkin seed",0.125,"cup"
"½ lb red grapes","red grape",0.5,"lb"
"¼ lb Brussels sprouts","brussels sprout",0.25,"lb"
"⅓ cup walnuts","walnut",0.333333333333333,"cup"
"¼ cup pumpkin seeds","pumpkin seed",0.25,"cup"
"½ lb sweet potato","sweet potato",0.5,"lb"
"¾ lb sea scallops","sea scallop",0.75,"lb"
"6 oz fettuccine pasta","fettuccine pasta",6,"oz"
"½ small pkg fresh sage","fresh sage",0.5,"package"
"¼ cup dried cranberries","dried cranberry",0.25,"cup"
"⅛ cup walnuts","walnut",0.125,"cup"
"4 fl oz whole milk","whole milk",4,"fl oz"
"poppy seeds","poppy seed",NA,"unknown"
"½ lb chicken breasts, boneless skinless","boneless skinless chicken breast",0.5,"lb"
"¼ small pkg fresh basil","fresh basil",0.25,"package"
"1 medium beet","beet",1,"each"
"3 medium carrots","carrot",3,"each"
"⅓ (8 oz) block cream cheese","cream cheese",0.333333333333333,"block"
"⅔ cup whole wheat couscous","whole wheat couscous",0.666666666666667,"cup"
"red lentils, dried","dried red lentil",NA,"unknown"
"4 sticks celery","celery",4,"stalk"
"2 Granny Smith apples","granny smith apple",2,"each"
"¼ cup medjool dates, pitted","medjool date",0.25,"cup"
"2 oz Parmesan cheese","parmesan cheese",2,"oz"
"⅔ cup basmati rice","basmati rice",0.666666666666667,"cup"
"½ green bell pepper","green bell pepper",0.5,"each"
"¼ small bunch Italian (flat-leaf) parsley","italian parsley",0.25,"bunch"
"6 sun-dried tomatoes, oil-packed","sun-dried tomato",6,"each"
"6 small corn tortillas","corn tortilla",6,"piece"
"0.375 cup plain Greek yogurt","plain greek yogurt",0.375,"cup"
"½ lb ground chicken","ground chicken",0.5,"lb"
"3 eggs","egg",3,"each"
"½ cup frozen peas","frozen pea",0.5,"cup"
"½ (16 oz) pkg potato gnocchi","potato gnocchi",0.5,"package"
"5 oz orzo pasta","orzo pasta",5,"oz"
"1 small pkg fresh basil","fresh basil",1,"package"
"6 oz penne pasta","penne pasta",6,"oz"
"½ orange bell pepper","orange bell pepper",0.5,"each"
"¾ cup polenta (cornmeal)","polenta",0.75,"cup"
"½ lb ground pork sausage","ground pork sausage",0.5,"lb"
"1 (6 oz) pkg blueberries","blueberries",1,"package"
"½ (3 oz) pkg alfalfa sprouts","alfalfa sprouts",0.5,"package"
"3 tbsp tomato paste","tomato paste",3,"tbsp"
"2 leeks","leek",2,"each"
"6 slices prosciutto","prosciutto",6,"slice"
"2 orange bell peppers","orange bell pepper",2,"each"
"1 ½ lb new potatoes","new potato",1.5,"lb"
"⅔ cup plain Greek yogurt","plain greek yogurt",0.666666666666667,"cup"
"4 caps portobello mushrooms","portobello mushroom",4,"piece"
"½ mango","mango",0.5,"each"
"1 ½ lb sweet potatoes","sweet potato",1.5,"lb"
"4 fl oz almond milk, unsweetened","unsweetened almond milk",4,"fl oz"
"⅓ cup cashews, roasted unsalted","roasted unsalted cashew",0.333333333333333,"cup"
"⅓ cup quinoa","quinoa",0.333333333333333,"cup"
"8 sun-dried tomatoes, oil-packed","sun-dried tomato",8,"each"
"2 fl oz almond milk, unsweetened","unsweetened almond milk",2,"fl oz"
"arrowroot starch/powder","arrowroot starch",NA,"unknown"
"2 (15 oz) cans cannellini (white kidney) beans","cannellini beans",2,"can"
"2 tbsp tomato paste","tomato paste",2,"tbsp"
"baking powder","baking powder",NA,"unknown"
"¾ lb Brussels sprouts","brussels sprout",0.75,"lb"
"1 whole grain bun or roll","whole grain bun or roll",1,"each"
"8 slices prosciutto","prosciutto",8,"slice"
"½ cup dried cranberries","dried cranberry",0.5,"cup"
"¼ cup shredded unsweetened coconut","unsweetened shredded coconut",0.25,"cup"
"6 oz linguine pasta","linguine pasta",6,"oz"
"1 lb green beans","green bean",1,"lb"
"1 grapefruit","grapefruit",1,"each"
"garam masala","garam masala",NA,"unknown"
"¾ lb chicken thighs, boneless skinless","boneless skinless chicken thigh",0.75,"lb"
"4 fl oz heavy whipping cream","heavy whipping cream",4,"fl oz"
"⅛ cup Kalamata olives, pitted","kalamata olive",0.125,"cup"
"¼ cup frozen peas","frozen peas",0.25,"cup"
"1 medium red potato","red potato",1,"each"
"⅛ cup pistachios, unsalted","unsalted pistachio",0.125,"cup"
"2 English cucumbers","english cucumber",2,"each"
"¼ cup pistachios, unsalted","unsalted pistachio",0.25,"cup"
"½ cup edamame, shelled","edamame",0.5,"cup"
"5 oz soba (buckwheat) noodles","soba noodles",5,"oz"
"3 sticks celery","celery",3,"piece"
"1 (4 oz) pkg crumbled blue cheese","crumbled blue cheese",1,"package"
"⅓ lb sweet potato","sweet potato",0.333333333333333,"lb"
"½ small pkg fresh rosemary","fresh rosemary",0.5,"package"
"1 medium turnip","turnip",1,"each"
"⅛ cup medjool dates, pitted","medjool date",0.125,"cup"
"⅛ cup raisins","raisin",0.125,"cup"
"6 small flour tortillas","flour tortilla",6,"piece"
"½ (15 oz) can garbanzo beans (chickpeas)","garbanzo beans",0.5,"can"
"3 oz penne pasta","penne pasta",3,"oz"
"¼ lb red grapes","red grape",0.25,"lb"
"1 (15 oz) can pure pumpkin purée","pumpkin purée",1,"can"
"1 large flour tortilla","flour tortilla",1,"piece"
"9 sun-dried tomatoes, oil-packed","oil-packed sun-dried tomato",9,"each"
"2 (15 oz) cans kidney beans","kidney beans",2,"can"
"1 (15 oz) can kidney beans","kidney beans",1,"can"
"⅔ cup green lentils, dried","dried green lentil",0.666666666666667,"cup"
"2 (14.5 oz) cans diced tomatoes","diced tomatoes",2,"can"
"2 (1 inch) pieces ginger root","ginger root",2,"piece"
"1 cup cottage cheese","cottage cheese",1,"cup"
"hot sauce","hot sauce",NA,"unknown"
"⅓ cup almonds","almond",0.333333333333333,"cup"
"2 fennel bulbs","fennel bulb",2,"unknown"
"6 fl oz heavy whipping cream","heavy whipping cream",6,"fl oz"
"1 leek","leek",1,"each"
"5 oz fettuccine pasta","fettuccine pasta",5,"oz"
"¾ cup frozen corn","frozen corn",0.75,"cup"
"Cajun seasoning","cajun seasoning",NA,"unknown"
"½ cup cashews, roasted unsalted","roasted unsalted cashew",0.5,"cup"
"2 pre-cooked vegan sausage","pre-cooked vegan sausage",2,"piece"
"4 medium zucchini squash","zucchini squash",4,"each"
"1 (6 oz) can chunk light tuna in water","chunk light tuna in water",1,"can"
"1 lb chicken breasts, boneless skinless","boneless skinless chicken breast",1,"lb"
"8 fl oz whole milk","whole milk",8,"fl oz"
"2 small flour tortillas","flour tortilla",2,"piece"
"1 small pkg chives","chives",1,"package"
"2 cups frozen corn","frozen corn",2,"cup"
"6 oz rotini pasta","rotini pasta",6,"oz"
"5 oz linguine pasta","linguine pasta",5,"oz"
"1 fennel bulb","fennel bulb",1,"piece"
"⅔ cup edamame, shelled","edamame",0.666666666666667,"cup"
"tamari soy sauce","tamari soy sauce",NA,"unknown"
"8 fl oz almond milk, unsweetened","unsweetened almond milk",8,"fl oz"
"nutmeg, ground","ground nutmeg",NA,"unknown"
"¾ lb white mushrooms","white mushroom",0.75,"lb"
"2 fl oz chicken or vegetable broth","chicken or vegetable broth",2,"fl oz"
"½ tbsp capers","caper",0.5,"tbsp"
"1 (12 oz) pkg broccoli slaw","broccoli slaw",1,"package"
"½ orange","orange",0.5,"each"
"½ cup pistachios, unsalted","unsalted pistachio",0.5,"cup"
"1 cup plain Greek yogurt","plain greek yogurt",1,"cup"
"½ acorn squash","acorn squash",0.5,"unknown"
"½ (12 oz) pkg extra firm tofu","extra firm tofu",0.5,"package"
"¼ small bunch green onions (scallions)","green onion",0.25,"bunch"
"¾ cup brown lentils, dried","dried brown lentil",0.75,"cup"
"1 red chili pepper","red chili pepper",1,"each"
"1 medium red onion","red onion",1,"each"
"¾ cup edamame, shelled","edamame",0.75,"cup"
"¾ cup frozen peas","frozen pea",0.75,"cup"
"1 (4 oz) pkg smoked salmon","smoked salmon",1,"package"
"⅓ cup raisins","raisin",0.333333333333333,"cup"
"2 mangoes","mango",2,"each"
"2 anchovy fillets, packed in oil","anchovy fillet",2,"piece"
"¾ lb flank steak","flank steak",0.75,"lb"
"3 ears corn","corn",3,"ear"
"1 fl oz heavy whipping cream","heavy whipping cream",1,"fl oz"
"2 ears corn","corn",2,"ear"
"3 sun-dried tomatoes, oil-packed","sun-dried tomato",3,"each"
"1 small bunch fresh dill","fresh dill",1,"bunch"
"1 lb chicken wings, split with tips removed","chicken wing",1,"lb"
"4 lamb loin chops","lamb loin chop",4,"piece"
"¾ fl oz heavy whipping cream","heavy whipping cream",0.75,"fl oz"
"5 slices whole grain bread","whole grain bread",5,"slice"
"5 baby bok choy","baby bok choy",5,"each"
"⅛ cup cashews, roasted unsalted","cashew",0.125,"cup"
"cloves, ground","ground cloves",NA,"unknown"
"1 (7.5 oz) can wild pink salmon, traditional style","wild pink salmon",1,"can"
"1 ½ (1 inch) pieces ginger root","ginger root",1.5,"piece"
"0.33 (8 oz) block cheddar cheese","cheddar cheese",0.33,"block"
"10 fl oz whole milk","whole milk",10,"fl oz"
"2 pints grape tomatoes","grape tomato",2,"pint"
"¾ cup green lentils, dried","dried green lentil",0.75,"cup"
"1 whole grain pita","whole grain pita",1,"piece"
"½ cup Kalamata olives, pitted","kalamata olive",0.5,"cup"
"½ Granny Smith apple","granny smith apple",0.5,"each"
"1 bunch radish","radish",1,"bunch"
"1 (6 oz) pkg raspberries","raspberry",1,"package"
"2 plums","plum",2,"each"
"2 Gala apples","gala apple",2,"each"
"½ eggplant","eggplant",0.5,"each"
"2 limes","lime",2,"each"
"2 kiwifruit","kiwifruit",2,"each"
"⅓ cup pistachios, unsalted","unsalted pistachio",0.333333333333333,"cup"
"2 baby bok choy","baby bok choy",2,"head"
"¾ cup plain Greek yogurt","plain greek yogurt",0.75,"cup"
"¾ lb green beans","green bean",0.75,"lb"
"1 ear corn","corn",1,"ear"
"1 small pkg fresh mint","fresh mint",1,"package"
"½ (1 inch) piece ginger root","ginger root",0.5,"piece"
"¼ cup pecan halves","pecan",0.25,"cup"
"6 lamb loin chops","lamb loin chop",6,"piece"
"6 baby bok choy","baby bok choy",6,"each"
"2 apricots","apricot",2,"each"
"4 slices sourdough bread","sourdough bread",4,"slice"
"3 oz rotini pasta","rotini pasta",3,"oz"
"3 oz macaroni (elbow) pasta","elbow macaroni pasta",3,"oz"
"5 sun-dried tomatoes, oil-packed","sun-dried tomato",5,"each"
"⅓ lb red grapes","red grape",0.333333333333333,"lb"
"2 oz water chestnuts","water chestnut",2,"oz"
"6 lamb rib chops","lamb rib chop",6,"piece"
"½ cup brown lentils, dried","dried brown lentil",0.5,"cup"
"3 medium zucchini squash","zucchini",3,"each"
"2 medium parsnips","parsnip",2,"each"
"2 tbsp capers","caper",2,"tbsp"
"⅔ cup brown lentils, dried","dried brown lentil",0.666666666666667,"cup"
"1 small bunch Italian (flat-leaf) parsley","italian parsley",1,"bunch"
"10 slices prosciutto","prosciutto",10,"slice"
"½ cup green lentils, dried","dried green lentil",0.5,"cup"
"¼ cup brown lentils, dried","dried brown lentil",0.25,"cup"
"cardamom, ground","ground cardamom",NA,"unknown"
"½ lb lean ground beef","lean ground beef",0.5,"lb"
"¼ lb green beans","green bean",0.25,"lb"
"3 oz spaghetti pasta","spaghetti pasta",3,"oz"
"2 cups frozen peas","frozen pea",2,"cup"
"1 cup whole wheat couscous","whole wheat couscous",1,"cup"
"½ (6 oz) pkg blueberries","blueberry",0.5,"package"
"28 fl oz chicken or vegetable broth","chicken or vegetable broth",28,"fl oz"
"2 (5 oz) pkgs baby spinach","baby spinach",2,"package"
"½ lb ground turkey","ground turkey",0.5,"lb"
"¼ small pkg fresh thyme","fresh thyme",0.25,"package"
"4 oz Parmesan cheese","parmesan cheese",4,"oz"
"1 ½ cups frozen peas","frozen pea",1.5,"cup"
"4 Gala apples","gala apple",4,"each"
"4 pork chops, boneless","boneless pork chop",4,"piece"
"½ cup raisins","raisin",0.5,"cup"
"1 medium parsnip","parsnip",1,"each"
"5 eggs","egg",5,"each"
"4 oz spaghetti pasta","spaghetti pasta",4,"oz"
"¾ cup jasmine rice","jasmine rice",0.75,"cup"
"3 slices whole grain bread","whole grain bread",3,"slice"
"1 bunch Swiss chard","swiss chard",1,"bunch"
"1 cup frozen cherries","frozen cherry",1,"cup"
"2 pears","pear",2,"each"
"⅓ cup frozen corn","frozen corn",0.333333333333333,"cup"
"⅔ cup walnuts","walnut",0.666666666666667,"cup"
"1 (16 oz) pkg strawberries","strawberry",1,"package"
"avocado oil mayonnaise","avocado oil mayonnaise",NA,"unknown"
"1 ½ medium yellow onions","yellow onion",1.5,"unknown"
"¾ cup quinoa","quinoa",0.75,"cup"
"1 ½ (8 oz) cans tomato sauce","tomato sauce",1.5,"can"
"⅓ cup pecan halves","pecan",0.333333333333333,"cup"
"⅓ cup pumpkin seeds","pumpkin seed",0.333333333333333,"cup"
"1 ½ limes","lime",1.5,"each"
"⅓ cup medjool dates, pitted","medjool date",0.333333333333333,"cup"
"3 leeks","leek",3,"each"
"6 dried apricots","dried apricot",6,"each"
"4 oz rotini pasta","rotini pasta",4,"oz"
"1 slice whole grain bread","whole grain bread",1,"slice"
"2 (7.5 oz) cans wild pink salmon, traditional style","wild pink salmon",2,"can"
"¼ medium red onion","red onion",0.25,"each"
"4 medium parsnips","parsnip",4,"unknown"
"3 anchovy fillets, packed in oil","anchovy fillet",3,"piece"
"6 cloves garlic","garlic",6,"clove"
"2 yellow bell peppers","yellow bell pepper",2,"each"
"½ tbsp tomato paste","tomato paste",0.5,"tbsp"
"½ lb chicken thighs, boneless skinless","boneless skinless chicken thigh",0.5,"lb"
"1 lb raw peeled shrimp, fresh or frozen","raw peeled shrimp",1,"lb"
"¼ small bunch cilantro","cilantro",0.25,"bunch"
"5 slices bacon","bacon",5,"slice"
"⅔ cup frozen corn","frozen corn",0.666666666666667,"cup"
"½ tomato","tomato",0.5,"each"
"1 cup basmati rice","basmati rice",1,"cup"
"2 cups edamame","edamame",2,"cup"
"½ lb lean ground pork","lean ground pork",0.5,"lb"
"2 small pkgs fresh basil","fresh basil",2,"package"
"1 cup jasmine rice","jasmine rice",1,"cup"
"½ red chili pepper","red chili pepper",0.5,"piece"
"12 dried apricots","dried apricot",12,"piece"
"5 medium carrots","carrot",5,"each"
"1 (2 ½ cm) piece ginger root","ginger root",1,"piece"
"6 slices bacon","bacon",6,"slice"
"⅓ cup basmati rice","basmati rice",0.333333333333333,"cup"
"10 sun-dried tomatoes, oil-packed","sun-dried tomato",10,"each"
"7 oz penne pasta","penne pasta",7,"oz"
"18 sun-dried tomatoes, oil-packed","sun-dried tomato",18,"each"
"natural almond butter","natural almond butter",NA,"unknown"
"8 baby bok choy","baby bok choy",8,"each"
"2 (8 oz) pkg sugar snap peas","sugar snap peas",2,"package"
"½ (4 oz) pkg smoked salmon","smoked salmon",0.5,"package"
"6 oz soba (buckwheat) noodles","soba noodles",6,"oz"
"3 oz orzo pasta","orzo pasta",3,"oz"
"4 no-boil lasagna noodles","no-boil lasagna noodle",4,"piece"
"1 kiwifruit","kiwifruit",1,"each"
"1 ½ cups frozen cherries","frozen cherry",1.5,"cup"
"⅔ cup frozen peas","frozen pea",0.666666666666667,"cup"
"3 medium beets","beet",3,"each"
"6 fl oz almond milk, unsweetened","unsweetened almond milk",6,"fl oz"
"⅓ cup nutritional yeast flakes","nutritional yeast flakes",0.333333333333333,"cup"
"5 oz water chestnuts","water chestnut",5,"oz"
"4 tbsp tomato paste","tomato paste",4,"tbsp"
"1 lb new potatoes","new potato",1,"lb"
"¼ (4 oz) pkg crumbled feta cheese","crumbled feta cheese",0.25,"package"
"1 lb lean ground beef","lean ground beef",1,"lb"
"1 medium head napa cabbage","napa cabbage",1,"head"
"7 fl oz whole milk","whole milk",7,"fl oz"
