"name","department","location"
"acorn squash","Produce","Fridge"
"alfalfa sprouts","Produce","Fridge"
"all-purpose flour","Pantry & Dry Goods","Pantry"
"almond meal/flour","Pantry & Dry Goods","Pantry"
"almonds","Pantry & Dry Goods","Pantry"
"apple cider vinegar","Pantry & Dry Goods","Pantry"
"apricots","Produce","Fridge"
"arrowroot starch/powder","Pantry & Dry Goods","Pantry"
"asparagus","Produce","Fridge"
"avocado","Produce","Fridge"
"avocado oil mayonnaise","Pantry & Dry Goods","Pantry"
"baby arugula","Produce","Fridge"
"baby bok choy","Produce","Fridge"
"baby spinach","Produce","Fridge"
"bacon","Meat & Seafood","Fridge"
"baking powder","Pantry & Dry Goods","Pantry"
"balsamic vinegar","Pantry & Dry Goods","Pantry"
"basmati rice","Pantry Staples","Pantry"
"beet","Produce","Fridge"
"beets","Produce","Fridge"
"black beans","Pantry & Dry Goods","Pantry"
"black pepper","Pantry & Dry Goods","Bench"
"blackberries","Produce","Fridge"
"blueberries","Produce","Fridge"
"bone-in pork chops","Meat & Seafood","Fridge"
"boneless pork chops","Meat & Seafood","Fridge"
"boneless skinless chicken breasts","Meat & Seafood","Fridge"
"boneless skinless chicken thighs","Meat & Seafood","Fridge"
"broccoli","Produce","Fridge"
"broccoli slaw","Produce","Fridge"
"brown sugar","Pantry & Dry Goods","Pantry"
"brussels sprouts","Produce","Fridge"
"butter (boston) lettuce","Produce","Fridge"
"butternut squash","Produce","Fridge"
"cajun seasoning","Pantry & Dry Goods","Spice Rack"
"cannellini (white kidney) beans","Pantry & Dry Goods","Pantry"
"capers","Pantry & Dry Goods","Pantry"
"carrot","Produce","Fridge"
"carrots","Produce","Fridge"
"cauliflower","Produce","Fridge"
"cayenne pepper","Pantry & Dry Goods","Spice Rack"
"celery","Produce","Fridge"
"cheddar cheese","Dairy & Eggs","Fridge"
"chicken drumsticks","Meat & Seafood","Fridge"
"chicken or vegetable broth","Pantry Staples","Fridge"
"chili powder","Pantry & Dry Goods","Spice Rack"
"chili-garlic sauce","Pantry & Dry Goods","Pantry"
"chives","Produce","Fridge"
"chunk light tuna in water","Pantry & Dry Goods","Pantry"
"cilantro","Produce","Fridge"
"coconut aminos","Pantry & Dry Goods","Pantry"
"coconut milk","Pantry & Dry Goods","Pantry"
"cod fillet","Meat & Seafood","Fridge"
"corn","Produce","Pantry"
"cornstarch","Pantry & Dry Goods","Pantry"
"cottage cheese","Dairy & Eggs","Fridge"
"cream cheese","Dairy & Eggs","Fridge"
"cremini mushrooms","Produce","Fridge"
"crumbled blue cheese","Dairy & Eggs","Fridge"
"crumbled feta cheese","Dairy & Eggs","Fridge"
"crushed red pepper","Pantry & Dry Goods","Spice Rack"
"curry powder","Pantry & Dry Goods","Spice Rack"
"diced tomatoes","Pantry & Dry Goods","Pantry"
"dijon mustard","Pantry & Dry Goods","Pantry"
"dried apricots","Pantry & Dry Goods","Pantry"
"dried basil","Pantry & Dry Goods","Spice Rack"
"dried brown lentils","Pantry & Dry Goods","Pantry"
"dried cranberries","Pantry & Dry Goods","Pantry"
"dried dill","Pantry & Dry Goods","Spice Rack"
"dried green lentils","Pantry & Dry Goods","Pantry"
"dried oregano","Pantry & Dry Goods","Spice Rack"
"dried red lentils","Pantry & Dry Goods","Pantry"
"dried rosemary","Pantry & Dry Goods","Spice Rack"
"dried sage","Pantry & Dry Goods","Spice Rack"
"dried thyme","Pantry & Dry Goods","Spice Rack"
"edamame","Frozen","Freezer"
"egg","Pantry Staples","Fridge"
"eggplant","Produce","Fridge"
"eggs","Pantry Staples","Fridge"
"english cucumber","Produce","Fridge"
"english cucumbers","Produce","Fridge"
"english muffins","Pantry & Dry Goods","Pantry"
"extra firm tofu","Meat & Seafood","Fridge"
"extra virgin olive oil","Pantry & Dry Goods","Bench"
"fennel bulb","Produce","Fridge"
"fennel bulbs","Produce","Fridge"
"fettuccine pasta","Pantry & Dry Goods","Pantry"
"fish sauce","Pantry & Dry Goods","Pantry"
"flank steak","Meat & Seafood","Fridge"
"flat rice (pad thai) noodles","Pantry & Dry Goods","Pantry"
"flatbread or naan","Pantry & Dry Goods","Pantry"
"flatbreads or naan","Pantry & Dry Goods","Pantry"
"fresh basil","Produce","Fridge"
"fresh dill","Produce","Fridge"
"fresh mint","Produce","Fridge"
"fresh mozzarella cheese","Dairy & Eggs","Fridge"
"fresh or frozen raw peeled shrimp","Meat & Seafood","Fridge"
"fresh rosemary","Produce","Fridge"
"fresh sage","Produce","Fridge"
"fresh thyme","Produce","Fridge"
"frozen cherries","Frozen","Freezer"
"frozen corn","Pantry Staples","Freezer"
"frozen peas","Pantry Staples","Freezer"
"gala apple","Produce","Fridge"
"gala apples","Produce","Fridge"
"garam masala","Pantry & Dry Goods","Spice Rack"
"garbanzo beans (chickpeas)","Pantry & Dry Goods","Pantry"
"garlic","Pantry Staples","Bench"
"garlic powder","Pantry & Dry Goods","Spice Rack"
"ginger root","Produce","Fridge"
"goat cheese","Dairy & Eggs","Fridge"
"granny smith apple","Produce","Fridge"
"granny smith apples","Produce","Fridge"
"grape tomatoes","Produce","Fridge"
"grapefruit","Produce","Fridge"
"grapefruits","Produce","Fridge"
"green beans","Produce","Fridge"
"green bell pepper","Produce","Fridge"
"green bell peppers","Produce","Fridge"
"green onions (scallions)","Produce","Fridge"
"ground cardamom","Pantry & Dry Goods","Spice Rack"
"ground chicken","Meat & Seafood","Fridge"
"ground cinnamon","Pantry & Dry Goods","Spice Rack"
"ground cloves","Pantry & Dry Goods","Spice Rack"
"ground coriander","Pantry & Dry Goods","Spice Rack"
"ground cumin","Pantry & Dry Goods","Spice Rack"
"ground nutmeg","Pantry & Dry Goods","Spice Rack"
"ground pork sausage","Meat & Seafood","Fridge"
"ground turkey","Meat & Seafood","Fridge"
"ground turmeric","Pantry & Dry Goods","Spice Rack"
"halibut fillet","Meat & Seafood","Fridge"
"halloumi cheese","Dairy & Eggs","Fridge"
"heavy whipping cream","Dairy & Eggs","Fridge"
"honey","Pantry & Dry Goods","Pantry"
"hot sauce","Pantry & Dry Goods","Pantry"
"italian (flat-leaf) parsley","Produce","Fridge"
"italian seasoning","Pantry & Dry Goods","Spice Rack"
"jalapeño pepper","Produce","Fridge"
"jalapeño peppers","Produce","Fridge"
"jasmine rice","Pantry & Dry Goods","Pantry"
"kale","Produce","Fridge"
"ketchup","Pantry & Dry Goods","Pantry"
"kidney beans","Pantry & Dry Goods","Pantry"
"kiwifruit","Produce","Fridge"
"lamb loin chops","Meat & Seafood","Fridge"
"lamb rib chops","Meat & Seafood","Fridge"
"large flour tortilla","Pantry & Dry Goods","Pantry"
"large flour tortillas","Pantry & Dry Goods","Pantry"
"lean ground beef","Meat & Seafood","Fridge"
"lean ground pork","Meat & Seafood","Fridge"
"leek","Produce","Fridge"
"leeks","Produce","Fridge"
"lemon","Produce","Fridge"
"lemons","Produce","Fridge"
"lime","Produce","Fridge"
"limes","Produce","Fridge"
"linguine pasta","Pantry & Dry Goods","Pantry"
"macaroni (elbow) pasta","Pantry & Dry Goods","Pantry"
"mango","Produce","Fridge"
"mangoes","Produce","Fridge"
"marinated artichoke hearts","Pantry & Dry Goods","Pantry"
"mayonnaise","Pantry & Dry Goods","Pantry"
"mozzarella cheese","Dairy & Eggs","Fridge"
"napa cabbage","Produce","Fridge"
"natural almond butter","Pantry & Dry Goods","Pantry"
"natural peanut butter","Pantry & Dry Goods","Pantry"
"neutral vegetable oil","Pantry & Dry Goods","Pantry"
"new potatoes","Produce","Fridge"
"no-boil lasagna noodles","Pantry & Dry Goods","Pantry"
"nutritional yeast flakes","Pantry & Dry Goods","Pantry"
"oil-packed sun-dried tomatoes","Pantry & Dry Goods","Pantry"
"onion powder","Pantry & Dry Goods","Spice Rack"
"orange","Produce","Fridge"
"orange bell pepper","Produce","Fridge"
"orange bell peppers","Produce","Fridge"
"oranges","Produce","Fridge"
"orzo pasta","Pantry & Dry Goods","Pantry"
"packed in oil anchovy fillet","Pantry & Dry Goods","Pantry"
"packed in oil anchovy fillets","Pantry & Dry Goods","Pantry"
"panko bread crumbs","Pantry & Dry Goods","Pantry"
"paprika","Pantry & Dry Goods","Spice Rack"
"parmesan cheese","Dairy & Eggs","Fridge"
"parsley flakes","Pantry & Dry Goods","Spice Rack"
"parsnip","Produce","Fridge"
"parsnips","Produce","Fridge"
"peach","Produce","Fridge"
"peaches","Produce","Fridge"
"pear","Produce","Fridge"
"pears","Produce","Fridge"
"pecan halves","Pantry & Dry Goods","Pantry"
"penne pasta","Pantry & Dry Goods","Pantry"
"pine nuts","Pantry & Dry Goods","Pantry"
"pineapple","Produce","Fridge"
"pinto beans","Pantry & Dry Goods","Pantry"
"pitted kalamata olives","Pantry & Dry Goods","Pantry"
"pitted medjool dates","Pantry & Dry Goods","Pantry"
"plain greek yogurt","Dairy & Eggs","Fridge"
"plant based veggie ground","Meat & Seafood","Fridge"
"plum","Produce","Fridge"
"plums","Produce","Fridge"
"polenta (cornmeal)","Pantry & Dry Goods","Pantry"
"poppy seeds","Pantry & Dry Goods","Pantry"
"pork sausage","Meat & Seafood","Fridge"
"pork sausages","Meat & Seafood","Fridge"
"portobello mushroom","Produce","Fridge"
"portobello mushrooms","Produce","Fridge"
"potato gnocchi","Pantry & Dry Goods","Pantry"
"pre-cooked vegan sausage","Meat & Seafood","Fridge"
"prosciutto","Meat & Seafood","Fridge"
"pumpkin seeds","Pantry & Dry Goods","Pantry"
"pure maple syrup","Pantry & Dry Goods","Pantry"
"pure pumpkin purée","Pantry & Dry Goods","Pantry"
"quinoa","Pantry & Dry Goods","Pantry"
"radish","Produce","Fridge"
"raisins","Pantry & Dry Goods","Pantry"
"raspberries","Produce","Fridge"
"red bell pepper","Produce","Fridge"
"red bell peppers","Produce","Fridge"
"red cabbage","Produce","Fridge"
"red chili pepper","Produce","Fridge"
"red chili peppers","Produce","Fridge"
"red grapes","Produce","Fridge"
"red onion","Produce","Fridge"
"red potato","Produce","Fridge"
"red potatoes","Produce","Fridge"
"red wine vinegar","Pantry & Dry Goods","Pantry"
"ribeye steak","Meat & Seafood","Fridge"
"rice vinegar","Pantry & Dry Goods","Pantry"
"ricotta cheese","Dairy & Eggs","Fridge"
"roasted unsalted cashews","Pantry & Dry Goods","Pantry"
"roasted unsalted peanuts","Pantry & Dry Goods","Pantry"
"romaine lettuce","Produce","Fridge"
"rotini pasta","Pantry & Dry Goods","Pantry"
"salmon fillet","Meat & Seafood","Fridge"
"salt","Pantry & Dry Goods","Bench"
"sea scallops","Meat & Seafood","Fridge"
"sesame seeds","Pantry & Dry Goods","Pantry"
"shallot","Produce","Fridge"
"shallots","Produce","Fridge"
"shelled edamame","Frozen","Freezer"
"shredded unsweetened coconut","Pantry & Dry Goods","Pantry"
"sliced almonds","Pantry & Dry Goods","Pantry"
"sliced black olives","Pantry & Dry Goods","Pantry"
"small corn tortillas","Pantry & Dry Goods","Pantry"
"small flour tortillas","Pantry & Dry Goods","Pantry"
"smoked paprika","Pantry & Dry Goods","Spice Rack"
"smoked salmon","Meat & Seafood","Fridge"
"soba (buckwheat) noodles","Pantry & Dry Goods","Pantry"
"sole fillets","Meat & Seafood","Fridge"
"sourdough bread","Pantry & Dry Goods","Pantry"
"soy sauce","Pantry & Dry Goods","Pantry"
"spaghetti pasta","Pantry & Dry Goods","Pantry"
"spaghetti squash","Produce","Fridge"
"split with tips removed chicken wings","Meat & Seafood","Fridge"
"spring mix (mixed greens)","Produce","Fridge"
"strawberries","Produce","Fridge"
"striploin (new york strip) steak","Meat & Seafood","Fridge"
"sugar snap peas","Produce","Fridge"
"sweet potato","Produce","Fridge"
"sweet potatoes","Produce","Fridge"
"swiss chard","Produce","Fridge"
"tahini","Pantry & Dry Goods","Pantry"
"tamari soy sauce","Pantry & Dry Goods","Pantry"
"tempeh","Meat & Seafood","Fridge"
"tilapia fillet","Meat & Seafood","Fridge"
"toasted sesame oil","Pantry & Dry Goods","Pantry"
"tomato","Produce","Fridge"
"tomato paste","Pantry Staples","Pantry"
"tomato sauce","Pantry & Dry Goods","Pantry"
"tomatoes","Produce","Fridge"
"traditional style wild pink salmon","Meat & Seafood","Pantry"
"turnip","Produce","Fridge"
"unsalted butter","Dairy & Eggs","Fridge"
"unsalted pistachios","Pantry & Dry Goods","Pantry"
"unsweetened almond milk","Dairy & Eggs","Fridge"
"vegan mayonnaise","Pantry & Dry Goods","Pantry"
"virgin coconut oil","Pantry & Dry Goods","Pantry"
"walnuts","Pantry & Dry Goods","Pantry"
"water chestnuts","Pantry & Dry Goods","Pantry"
"white mushrooms","Produce","Fridge"
"white wine vinegar","Pantry & Dry Goods","Pantry"
"whole grain bread","Pantry & Dry Goods","Pantry"
"whole grain bun or roll","Pantry & Dry Goods","Pantry"
"whole grain buns or rolls","Pantry & Dry Goods","Pantry"
"whole grain pita","Pantry & Dry Goods","Pantry"
"whole grain pitas","Pantry & Dry Goods","Pantry"
"whole milk","Dairy & Eggs","Fridge"
"whole wheat couscous","Pantry & Dry Goods","Pantry"
"worcestershire sauce","Pantry & Dry Goods","Pantry"
"xylitol","Pantry & Dry Goods","Pantry"
"yellow bell pepper","Produce","Fridge"
"yellow bell peppers","Produce","Fridge"
"yellow onion","Produce","Fridge"
"yellow onions","Produce","Fridge"
"yellow potato","Produce","Fridge"
"yellow potatoes","Produce","Fridge"
"zucchini squash","Produce","Fridge"
