"name","department"
"acorn squash","Produce"
"alfalfa sprouts","Produce"
"all-purpose flour","Pantry & Dry Goods"
"almond meal/flour","Pantry & Dry Goods"
"almonds","Pantry & Dry Goods"
"apple cider vinegar","Pantry & Dry Goods"
"apricots","Produce"
"arrowroot starch/powder","Pantry & Dry Goods"
"asparagus","Produce"
"avocado","Produce"
"avocado oil mayonnaise","Pantry & Dry Goods"
"baby arugula","Produce"
"baby bok choy","Produce"
"baby spinach","Produce"
"bacon","Meat & Seafood"
"baking powder","Pantry & Dry Goods"
"balsamic vinegar","Pantry & Dry Goods"
"basmati rice","Pantry Staples"
"beet","Produce"
"beets","Produce"
"black beans","Pantry & Dry Goods"
"black pepper","Pantry & Dry Goods"
"blackberries","Produce"
"blueberries","Produce"
"bone-in pork chops","Meat & Seafood"
"boneless pork chops","Meat & Seafood"
"boneless skinless chicken breasts","Meat & Seafood"
"boneless skinless chicken thighs","Meat & Seafood"
"broccoli","Produce"
"broccoli slaw","Produce"
"brown sugar","Pantry & Dry Goods"
"brussels sprouts","Produce"
"butter (boston) lettuce","Produce"
"butternut squash","Produce"
"cajun seasoning","Pantry & Dry Goods"
"cannellini (white kidney) beans","Pantry & Dry Goods"
"capers","Pantry & Dry Goods"
"carrot","Produce"
"carrots","Produce"
"cauliflower","Produce"
"cayenne pepper","Pantry & Dry Goods"
"celery","Produce"
"cheddar cheese","Dairy & Eggs"
"chicken drumsticks","Meat & Seafood"
"chicken or vegetable broth","Pantry Staples"
"chili powder","Pantry & Dry Goods"
"chili-garlic sauce","Pantry & Dry Goods"
"chives","Produce"
"chunk light tuna in water","Pantry & Dry Goods"
"cilantro","Produce"
"coconut aminos","Pantry & Dry Goods"
"coconut milk","Pantry & Dry Goods"
"cod fillet","Meat & Seafood"
"corn","Produce"
"cornstarch","Pantry & Dry Goods"
"cottage cheese","Dairy & Eggs"
"cream cheese","Dairy & Eggs"
"cremini mushrooms","Produce"
"crumbled blue cheese","Dairy & Eggs"
"crumbled feta cheese","Dairy & Eggs"
"crushed red pepper","Pantry & Dry Goods"
"curry powder","Pantry & Dry Goods"
"diced tomatoes","Pantry & Dry Goods"
"dijon mustard","Pantry & Dry Goods"
"dried apricots","Pantry & Dry Goods"
"dried basil","Pantry & Dry Goods"
"dried brown lentils","Pantry & Dry Goods"
"dried cranberries","Pantry & Dry Goods"
"dried dill","Pantry & Dry Goods"
"dried green lentils","Pantry & Dry Goods"
"dried oregano","Pantry & Dry Goods"
"dried red lentils","Pantry & Dry Goods"
"dried rosemary","Pantry & Dry Goods"
"dried sage","Pantry & Dry Goods"
"dried thyme","Pantry & Dry Goods"
"edamame","Frozen"
"egg","Pantry Staples"
"eggplant","Produce"
"eggs","Pantry Staples"
"english cucumber","Produce"
"english cucumbers","Produce"
"extra firm tofu","Meat & Seafood"
"extra virgin olive oil","Pantry & Dry Goods"
"fennel bulb","Produce"
"fennel bulbs","Produce"
"fettuccine pasta","Pantry & Dry Goods"
"fish sauce","Pantry & Dry Goods"
"flank steak","Meat & Seafood"
"flat rice (pad thai) noodles","Pantry & Dry Goods"
"flatbread or naan","Bakery"
"flatbreads or naan","Bakery"
"fresh basil","Produce"
"fresh dill","Produce"
"fresh mint","Produce"
"fresh mozzarella cheese","Dairy & Eggs"
"fresh or frozen raw peeled shrimp","Meat & Seafood"
"fresh rosemary","Produce"
"fresh sage","Produce"
"fresh thyme","Produce"
"frozen cherries","Frozen"
"frozen corn","Pantry Staples"
"frozen peas","Pantry Staples"
"gala apple","Produce"
"gala apples","Produce"
"garam masala","Pantry & Dry Goods"
"garbanzo beans (chickpeas)","Pantry & Dry Goods"
"garlic","Pantry Staples"
"garlic powder","Pantry & Dry Goods"
"ginger root","Produce"
"goat cheese","Dairy & Eggs"
"granny smith apple","Produce"
"granny smith apples","Produce"
"grape tomatoes","Produce"
"grapefruit","Produce"
"green beans","Produce"
"green bell pepper","Produce"
"green bell peppers","Produce"
"green onions (scallions)","Produce"
"ground cardamom","Pantry & Dry Goods"
"ground chicken","Meat & Seafood"
"ground cinnamon","Pantry & Dry Goods"
"ground cloves","Pantry & Dry Goods"
"ground coriander","Pantry & Dry Goods"
"ground cumin","Pantry & Dry Goods"
"ground nutmeg","Pantry & Dry Goods"
"ground pork sausage","Meat & Seafood"
"ground turkey","Meat & Seafood"
"ground turmeric","Pantry & Dry Goods"
"halibut fillet","Meat & Seafood"
"heavy whipping cream","Dairy & Eggs"
"honey","Pantry & Dry Goods"
"hot sauce","Pantry & Dry Goods"
"italian (flat-leaf) parsley","Produce"
"italian seasoning","Pantry & Dry Goods"
"jalapeño pepper","Produce"
"jalapeño peppers","Produce"
"jasmine rice","Pantry & Dry Goods"
"kale","Produce"
"ketchup","Pantry & Dry Goods"
"kidney beans","Pantry & Dry Goods"
"kiwifruit","Produce"
"lamb loin chops","Meat & Seafood"
"lamb rib chops","Meat & Seafood"
"large flour tortilla","Bakery"
"large flour tortillas","Bakery"
"lean ground beef","Meat & Seafood"
"lean ground pork","Meat & Seafood"
"leek","Produce"
"leeks","Produce"
"lemon","Produce"
"lime","Produce"
"limes","Produce"
"linguine pasta","Pantry & Dry Goods"
"macaroni (elbow) pasta","Pantry & Dry Goods"
"mango","Produce"
"mangoes","Produce"
"marinated artichoke hearts","Pantry & Dry Goods"
"mayonnaise","Pantry & Dry Goods"
"mozzarella cheese","Dairy & Eggs"
"napa cabbage","Produce"
"natural almond butter","Pantry & Dry Goods"
"natural peanut butter","Pantry & Dry Goods"
"neutral vegetable oil","Pantry & Dry Goods"
"new potatoes","Produce"
"no-boil lasagna noodles","Pantry & Dry Goods"
"nutritional yeast flakes","Pantry & Dry Goods"
"oil-packed sun-dried tomatoes","Pantry & Dry Goods"
"onion powder","Pantry & Dry Goods"
"orange","Produce"
"orange bell pepper","Produce"
"orange bell peppers","Produce"
"oranges","Produce"
"orzo pasta","Pantry & Dry Goods"
"packed in oil anchovy fillet","Pantry & Dry Goods"
"packed in oil anchovy fillets","Pantry & Dry Goods"
"panko bread crumbs","Pantry & Dry Goods"
"paprika","Pantry & Dry Goods"
"parmesan cheese","Dairy & Eggs"
"parsley flakes","Pantry & Dry Goods"
"parsnip","Produce"
"parsnips","Produce"
"peach","Produce"
"peaches","Produce"
"pear","Produce"
"pears","Produce"
"pecan halves","Pantry & Dry Goods"
"penne pasta","Pantry & Dry Goods"
"pine nuts","Pantry & Dry Goods"
"pineapple","Produce"
"pinto beans","Pantry & Dry Goods"
"pitted kalamata olives","Pantry & Dry Goods"
"pitted medjool dates","Pantry & Dry Goods"
"plain greek yogurt","Dairy & Eggs"
"plums","Produce"
"polenta (cornmeal)","Pantry & Dry Goods"
"poppy seeds","Pantry & Dry Goods"
"pork sausage","Meat & Seafood"
"pork sausages","Meat & Seafood"
"portobello mushroom","Produce"
"portobello mushrooms","Produce"
"potato gnocchi","Pantry & Dry Goods"
"pre-cooked vegan sausage","Meat & Seafood"
"prosciutto","Meat & Seafood"
"pumpkin seeds","Pantry & Dry Goods"
"pure maple syrup","Pantry & Dry Goods"
"pure pumpkin purée","Pantry & Dry Goods"
"quinoa","Pantry & Dry Goods"
"radish","Produce"
"raisins","Pantry & Dry Goods"
"raspberries","Produce"
"red bell pepper","Produce"
"red bell peppers","Produce"
"red cabbage","Produce"
"red chili pepper","Produce"
"red grapes","Produce"
"red onion","Produce"
"red potato","Produce"
"red potatoes","Produce"
"red wine vinegar","Pantry & Dry Goods"
"ribeye steak","Meat & Seafood"
"rice vinegar","Pantry & Dry Goods"
"ricotta cheese","Dairy & Eggs"
"roasted unsalted cashews","Pantry & Dry Goods"
"roasted unsalted peanuts","Pantry & Dry Goods"
"romaine lettuce","Produce"
"rotini pasta","Pantry & Dry Goods"
"salmon fillet","Meat & Seafood"
"salt","Pantry & Dry Goods"
"sea scallops","Meat & Seafood"
"sesame seeds","Pantry & Dry Goods"
"shallot","Produce"
"shallots","Produce"
"shelled edamame","Frozen"
"shredded unsweetened coconut","Pantry & Dry Goods"
"sliced almonds","Pantry & Dry Goods"
"small corn tortillas","Bakery"
"small flour tortillas","Bakery"
"smoked paprika","Pantry & Dry Goods"
"smoked salmon","Meat & Seafood"
"soba (buckwheat) noodles","Pantry & Dry Goods"
"sole fillets","Meat & Seafood"
"sourdough bread","Bakery"
"soy sauce","Pantry & Dry Goods"
"spaghetti pasta","Pantry & Dry Goods"
"spaghetti squash","Produce"
"split with tips removed chicken wings","Meat & Seafood"
"spring mix (mixed greens)","Produce"
"strawberries","Produce"
"striploin (new york strip) steak","Meat & Seafood"
"sugar snap peas","Produce"
"sweet potato","Produce"
"sweet potatoes","Produce"
"swiss chard","Produce"
"tahini","Pantry & Dry Goods"
"tamari soy sauce","Pantry & Dry Goods"
"tempeh","Meat & Seafood"
"tilapia fillet","Meat & Seafood"
"toasted sesame oil","Pantry & Dry Goods"
"tomato","Produce"
"tomato paste","Pantry Staples"
"tomato sauce","Pantry & Dry Goods"
"tomatoes","Produce"
"traditional style wild pink salmon","Meat & Seafood"
"turnip","Produce"
"unsalted butter","Dairy & Eggs"
"unsalted pistachios","Pantry & Dry Goods"
"unsweetened almond milk","Dairy & Eggs"
"vegan mayonnaise","Pantry & Dry Goods"
"virgin coconut oil","Pantry & Dry Goods"
"walnuts","Pantry & Dry Goods"
"water chestnuts","Pantry & Dry Goods"
"white mushrooms","Produce"
"white wine vinegar","Pantry & Dry Goods"
"whole grain bread","Bakery"
"whole grain bun or roll","Bakery"
"whole grain buns or rolls","Bakery"
"whole grain pita","Bakery"
"whole grain pitas","Bakery"
"whole milk","Dairy & Eggs"
"whole wheat couscous","Pantry & Dry Goods"
"worcestershire sauce","Pantry & Dry Goods"
"xylitol","Pantry & Dry Goods"
"yellow bell pepper","Produce"
"yellow bell peppers","Produce"
"yellow onion","Produce"
"yellow onions","Produce"
"yellow potato","Produce"
"yellow potatoes","Produce"
"zucchini squash","Produce"
